Day,Actual Close,Predicted Close,Close Diff,Outcome
0,36.599998474121094,43.475040435791016,6.875041961669922,Gain
1,36.40999984741211,41.72806167602539,5.318061828613281,Gain
2,36.349998474121094,40.70372009277344,4.353721618652344,Gain
3,36.47999954223633,40.83335876464844,4.353359222412109,Gain
4,36.61000061035156,40.063941955566406,3.4539413452148438,Gain
5,36.540000915527344,39.96244812011719,3.4224472045898438,Gain
6,36.95000076293945,39.986087799072266,3.0360870361328125,Gain
7,36.709999084472656,40.65965270996094,3.9496536254882812,Gain
8,36.790000915527344,39.2387809753418,2.448780059814453,Gain
9,36.79999923706055,38.72087097167969,1.9208717346191406,Gain
10,36.7599983215332,39.2916145324707,2.5316162109375,Gain
11,36.56999969482422,39.0539436340332,2.4839439392089844,Gain
12,36.93999862670898,39.0844841003418,2.1444854736328196,Gain
13,36.77000045776367,40.49809265136719,3.7280921936035156,Gain
14,37.61999893188477,41.21806716918945,3.5980682373046804,Gain
15,37.79999923706055,41.59047317504883,3.7904739379882812,Gain
16,37.560001373291016,42.197513580322266,4.63751220703125,Gain
17,37.97999954223633,42.75277328491211,4.772773742675781,Gain
18,37.41999816894531,42.57124710083008,5.151248931884766,Gain
19,36.81999969482422,43.76522445678711,6.945224761962891,Gain
20,36.52000045776367,44.87297439575195,8.352973937988281,Gain
21,36.68000030517578,42.544891357421875,5.864891052246094,Gain
22,36.52000045776367,42.83214569091797,6.312145233154297,Gain
23,36.27000045776367,42.86812973022461,6.5981292724609375,Gain
24,36.349998474121094,41.4647102355957,5.114711761474609,Gain
25,36.38000106811523,41.45769500732422,5.0776939392089915,Gain
26,35.459999084472656,45.44097137451172,9.980972290039062,Gain
27,35.34000015258789,43.001861572265625,7.661861419677734,Gain
28,35.79999923706055,42.323795318603516,6.523796081542969,Gain
29,35.93000030517578,42.19182586669922,6.2618255615234375,Gain
30,36.04999923706055,42.06486511230469,6.014865875244141,Gain
31,36.40999984741211,42.202415466308594,5.792415618896484,Gain
32,36.47999954223633,41.95977020263672,5.479770660400391,Gain
33,36.52000045776367,41.151466369628906,4.631465911865234,Gain
34,36.06999969482422,41.754764556884766,5.684764862060547,Gain
35,36.18000030517578,40.51123046875,4.331230163574219,Gain
36,36.52999877929688,40.63953399658203,4.109535217285149,Gain
37,36.5099983215332,40.45808410644531,3.9480857849121094,Gain
38,36.20000076293945,41.0245475769043,4.824546813964844,Gain
39,35.93000030517578,41.679725646972656,5.749725341796875,Gain
40,35.90999984741211,40.70556640625,4.795566558837891,Gain
41,35.900001525878906,40.58515548706055,4.685153961181641,Gain
42,35.56999969482422,40.8256721496582,5.255672454833984,Gain
43,35.79999923706055,40.047142028808594,4.247142791748047,Gain
44,35.61999893188477,40.01496124267578,4.3949623107910085,Gain
45,35.81999969482422,39.70885467529297,3.88885498046875,Gain
46,35.90999984741211,40.37405776977539,4.464057922363281,Gain
47,35.15999984741211,43.812896728515625,8.652896881103516,Gain
48,35.18000030517578,41.579463958740234,6.399463653564453,Gain
49,35.09999847412109,41.57123947143555,6.47124099731446,Gain
50,35.139999389648445,40.99867630004883,5.8586769104003835,Gain
51,35.27000045776367,40.598175048828125,5.328174591064453,Gain
52,35.43000030517578,40.589359283447266,5.159358978271484,Gain
53,35.040000915527344,41.61347198486328,6.5734710693359375,Gain
54,35.36999893188477,39.95755386352539,4.587554931640618,Gain
55,35.27000045776367,40.3292350769043,5.059234619140625,Gain
56,35.15999984741211,41.25583267211914,6.095832824707031,Gain
57,35.38999938964844,40.42716598510742,5.037166595458984,Gain
58,35.599998474121094,40.757999420166016,5.158000946044922,Gain
59,35.56999969482422,40.191932678222656,4.6219329833984375,Gain
60,35.75,40.04069519042969,4.2906951904296875,Gain
61,36.06999969482422,40.40729522705078,4.3372955322265625,Gain
62,36.15999984741211,41.46188735961914,5.301887512207031,Gain
63,36.27999877929688,40.32621383666992,4.04621505737304,Gain
64,36.22000122070313,41.39875030517578,5.178749084472649,Gain
65,36.02999877929688,39.96636199951172,3.9363632202148366,Gain
66,36.02999877929688,39.889644622802734,3.8596458435058523,Gain
67,35.79999923706055,40.51988983154297,4.719890594482422,Gain
68,35.7400016784668,40.68193435668945,4.941932678222656,Gain
69,35.630001068115234,40.76201248168945,5.132011413574219,Gain
70,35.25,41.115360260009766,5.865360260009766,Gain
71,35.47999954223633,39.51570129394531,4.035701751708984,Gain
72,35.77000045776367,40.04620361328125,4.276203155517578,Gain
73,35.90999984741211,39.965232849121094,4.055233001708984,Gain
74,36.18000030517578,40.23869705200195,4.058696746826172,Gain
75,36.31999969482422,40.80796432495117,4.487964630126953,Gain
76,36.75,40.53050994873047,3.7805099487304688,Gain
77,36.86999893188477,40.1306266784668,3.260627746582024,Gain
78,36.93000030517578,40.345909118652344,3.4159088134765625,Gain
79,37.43000030517578,41.15126419067383,3.721263885498047,Gain
80,36.150001525878906,41.734127044677734,5.584125518798828,Gain
81,36.310001373291016,41.13521957397461,4.825218200683594,Gain
82,36.97000122070313,41.38176727294922,4.411766052246087,Gain
83,36.97999954223633,41.57737350463867,4.597373962402344,Gain
84,36.849998474121094,41.94643783569336,5.096439361572266,Gain
85,36.81999969482422,41.710975646972656,4.8909759521484375,Gain
86,36.540000915527344,41.11952209472656,4.579521179199219,Gain
87,36.36999893188477,41.127532958984375,4.757534027099602,Gain
88,36.0099983215332,41.47611999511719,5.466121673583984,Gain
89,35.689998626708984,41.912803649902344,6.222805023193359,Gain
90,35.529998779296875,41.2022590637207,5.672260284423828,Gain
91,35.630001068115234,40.458377838134766,4.828376770019531,Gain
92,35.81999969482422,40.73167037963867,4.911670684814453,Gain
93,35.040000915527344,43.74885559082031,8.708854675292969,Gain
94,35.220001220703125,40.98958969116211,5.769588470458984,Gain
95,35.400001525878906,40.596778869628906,5.19677734375,Gain
96,35.77000045776367,41.655029296875,5.885028839111328,Gain
97,35.86000061035156,41.314697265625,5.4546966552734375,Gain
98,36.11999893188477,40.859188079833984,4.739189147949212,Gain
99,36.2599983215332,40.98680114746094,4.726802825927734,Gain
100,36.2599983215332,39.820945739746094,3.5609474182128906,Gain
101,36.18000030517578,39.94664764404297,3.7666473388671875,Gain
102,36.11000061035156,40.27333450317383,4.163333892822266,Gain
103,36.11999893188477,38.870399475097656,2.7504005432128835,Gain
104,36.31999969482422,38.52543640136719,2.2054367065429688,Gain
105,36.34000015258789,38.44306182861328,2.1030616760253906,Gain
106,36.13000106811523,39.14336013793945,3.013359069824226,Gain
107,36.2599983215332,39.023033142089844,2.7630348205566406,Gain
108,36.47999954223633,38.83747863769531,2.3574790954589844,Gain
109,35.709999084472656,43.825687408447266,8.11568832397461,Gain
110,35.72999954223633,41.25090408325195,5.520904541015625,Gain
111,35.880001068115234,40.77281188964844,4.892810821533203,Gain
112,35.529998779296875,43.57249069213867,8.042491912841797,Gain
113,35.310001373291016,41.585628509521484,6.275627136230469,Gain
114,35.209999084472656,41.53364944458008,6.323650360107422,Gain
115,35.5099983215332,40.8555908203125,5.345592498779297,Gain
116,34.860000610351555,42.17017364501953,7.310173034667976,Gain
117,34.580001831054695,41.09439468383789,6.514392852783196,Gain
118,34.360000610351555,41.13838577270508,6.778385162353523,Gain
119,34.189998626708984,41.1290168762207,6.939018249511719,Gain
120,34.06999969482422,41.6656608581543,7.595661163330078,Gain
121,33.650001525878906,42.331111907958984,8.681110382080078,Gain
122,34.200000762939446,41.04004669189453,6.840045928955085,Gain
123,33.540000915527344,42.71149826049805,9.171497344970703,Gain
124,33.740001678466804,41.10341262817383,7.363410949707024,Gain
125,33.459999084472656,41.899871826171875,8.439872741699219,Gain
126,34.34000015258789,42.50130844116211,8.161308288574219,Gain
127,33.630001068115234,43.88300704956055,10.253005981445312,Gain
128,33.880001068115234,42.156715393066406,8.276714324951172,Gain
129,33.650001525878906,42.15128707885742,8.501285552978516,Gain
130,33.919998168945305,41.80038070678711,7.880382537841804,Gain
131,34.25,42.139957427978516,7.889957427978516,Gain
132,34.240001678466804,41.31660079956055,7.076599121093743,Gain
133,34.68000030517578,41.137916564941406,6.457916259765625,Gain
134,34.470001220703125,41.16450119018555,6.694499969482422,Gain
135,34.529998779296875,40.4498405456543,5.919841766357422,Gain
136,34.560001373291016,39.755523681640625,5.195522308349609,Gain
137,34.75,39.251522064208984,4.501522064208984,Gain
138,34.72999954223633,39.352867126464844,4.622867584228516,Gain
139,34.5,39.748416900634766,5.248416900634766,Gain
140,34.669998168945305,38.77709197998047,4.107093811035163,Gain
141,34.75,38.80943298339844,4.0594329833984375,Gain
142,34.970001220703125,39.609275817871094,4.639274597167969,Gain
143,35.310001373291016,41.45747756958008,6.1474761962890625,Gain
144,35.470001220703125,40.65896224975586,5.188961029052734,Gain
145,36.349998474121094,42.477317810058594,6.1273193359375,Gain
146,36.63999938964844,42.906776428222656,6.266777038574219,Gain
147,36.4900016784668,42.837791442871094,6.347789764404297,Gain
148,36.29999923706055,42.72835922241211,6.4283599853515625,Gain
149,36.43000030517578,41.514747619628906,5.084747314453125,Gain
150,36.40999984741211,40.948760986328125,4.538761138916016,Gain
151,36.59000015258789,40.88056564331055,4.290565490722656,Gain
152,36.13999938964844,40.834617614746094,4.694618225097656,Gain
153,35.86999893188477,41.79314422607422,5.923145294189446,Gain
154,36.34000015258789,40.380043029785156,4.040042877197266,Gain
155,36.0,41.48854064941406,5.4885406494140625,Gain
156,35.810001373291016,41.6259880065918,5.815986633300781,Gain
157,35.169998168945305,42.4278450012207,7.257846832275398,Gain
158,35.009998321533196,41.52362060546875,6.513622283935554,Gain
159,34.919998168945305,42.325809478759766,7.40581130981446,Gain
160,34.650001525878906,42.761512756347656,8.11151123046875,Gain
161,34.65999984741211,41.55495834350586,6.89495849609375,Gain
162,34.709999084472656,40.896114349365234,6.186115264892578,Gain
163,34.669998168945305,40.35400390625,5.684005737304695,Gain
164,34.650001525878906,39.29665756225586,4.646656036376953,Gain
165,34.72999954223633,38.7699089050293,4.039909362792969,Gain
166,34.889999389648445,38.566558837890625,3.6765594482421804,Gain
167,35.06999969482422,38.32455825805664,3.254558563232422,Gain
168,35.09000015258789,38.631507873535156,3.5415077209472656,Gain
169,35.02000045776367,38.68498611450195,3.6649856567382812,Gain
170,35.7599983215332,40.36526107788086,4.605262756347656,Gain
171,35.540000915527344,41.27229309082031,5.732292175292969,Gain
172,35.189998626708984,40.69514465332031,5.505146026611328,Gain
173,35.77000045776367,41.90142059326172,6.131420135498047,Gain
174,36.09000015258789,41.719482421875,5.629482269287109,Gain
175,36.33000183105469,41.37481689453125,5.0448150634765625,Gain
176,36.47999954223633,41.889793395996094,5.409793853759766,Gain
177,37.0,43.33780288696289,6.337802886962891,Gain
178,37.0,43.11905288696289,6.119052886962891,Gain
179,37.22999954223633,41.894554138183594,4.664554595947266,Gain
180,37.06999969482422,42.73493957519531,5.664939880371094,Gain
181,37.20000076293945,41.32175064086914,4.1217498779296875,Gain
182,37.18000030517578,40.41520690917969,3.2352066040039062,Gain
183,37.15999984741211,40.275211334228516,3.1152114868164062,Gain
184,37.47000122070313,40.78672409057617,3.3167228698730398,Gain
185,37.540000915527344,41.256465911865234,3.7164649963378906,Gain
186,37.83000183105469,41.21253967285156,3.382537841796875,Gain
187,38.08000183105469,41.10933303833008,3.0293312072753906,Gain
188,39.040000915527344,43.520999908447266,4.480998992919922,Gain
189,39.38000106811523,44.515602111816406,5.135601043701179,Gain
190,39.34000015258789,44.701072692871094,5.361072540283203,Gain
191,39.52999877929688,43.87882995605469,4.348831176757805,Gain
192,39.63000106811523,43.49718475341797,3.8671836853027415,Gain
193,39.86000061035156,42.41607666015625,2.5560760498046875,Gain
194,39.650001525878906,42.661766052246094,3.0117645263671875,Gain
195,39.29999923706055,42.20962142944336,2.9096221923828125,Gain
196,39.18999862670898,41.481693267822266,2.2916946411132884,Gain
197,39.66999816894531,41.379600524902344,1.7096023559570312,Gain
198,39.7599983215332,40.828102111816406,1.0681037902832031,Gain
199,39.790000915527344,41.052520751953125,1.2625198364257812,Gain
200,40.25,41.990074157714844,1.7400741577148438,Gain
201,40.09000015258789,41.7779655456543,1.6879653930664062,Gain
202,40.43000030517578,41.10391616821289,0.6739158630371094,No Change
203,40.83000183105469,41.958770751953125,1.1287689208984375,Gain
204,40.95000076293945,41.372432708740234,0.42243194580078125,No Change
205,40.77999877929688,42.21786880493164,1.4378700256347585,Gain
206,41.349998474121094,42.93911361694336,1.5891151428222656,Gain
207,44.400001525878906,45.38999557495117,0.9899940490722656,No Change
208,44.36999893188477,45.5414924621582,1.1714935302734304,Gain
209,45.4900016784668,45.816558837890625,0.3265571594238281,No Change
210,46.709999084472656,45.92404556274414,-0.7859535217285156,No Change
211,47.099998474121094,46.25730895996094,-0.8426895141601562,No Change
212,46.34000015258789,46.81596755981445,0.4759674072265625,No Change
213,46.70000076293945,48.55870819091797,1.8587074279785156,Gain
214,46.77999877929688,48.21086502075195,1.430866241455071,Gain
215,46.70000076293945,47.802391052246094,1.1023902893066406,Gain
216,46.29999923706055,47.62839889526367,1.328399658203125,Gain
217,45.58000183105469,47.80719757080078,2.2271957397460938,Gain
218,45.75,47.42982864379883,1.6798286437988281,Gain
219,45.86000061035156,46.80172348022461,0.9417228698730469,No Change
220,45.459999084472656,47.04313659667969,1.5831375122070312,Gain
221,45.6500015258789,46.2055778503418,0.5555763244628977,No Change
222,44.63000106811523,47.190589904785156,2.560588836669929,Gain
223,44.61999893188477,46.87701416015625,2.2570152282714773,Gain
224,44.93999862670898,45.79037094116211,0.8503723144531321,No Change
225,44.650001525878906,45.68254470825195,1.0325431823730469,Gain
226,44.75,43.88569641113281,-0.8643035888671875,No Change
227,44.4900016784668,43.42514419555664,-1.0648574829101562,Loss
228,44.72999954223633,42.72687530517578,-2.003124237060547,Loss
229,43.95000076293945,46.35797882080078,2.407978057861328,Gain
230,44.84000015258789,44.5416259765625,-0.2983741760253906,No Change
231,44.68000030517578,47.15977478027344,2.4797744750976562,Gain
232,44.4900016784668,47.44153594970703,2.9515342712402344,Gain
233,43.43999862670898,47.30023193359375,3.8602333068847727,Gain
234,43.45000076293945,48.41384506225586,4.963844299316406,Gain
235,43.08000183105469,48.38535690307617,5.305355072021484,Gain
236,43.349998474121094,48.23552322387695,4.885524749755859,Gain
237,43.65999984741211,47.41720199584961,3.7572021484375,Gain
238,43.33000183105469,46.95043182373047,3.6204299926757812,Gain
239,43.34000015258789,45.505889892578125,2.1658897399902344,Gain
240,43.2599983215332,44.82804870605469,1.5680503845214844,Gain
241,44.560001373291016,47.34122848510742,2.7812271118164062,Gain
242,46.2599983215332,47.262489318847656,1.0024909973144531,Gain
243,47.040000915527344,47.11051940917969,0.07051849365234375,No Change
244,47.56000137329102,47.0327033996582,-0.5272979736328196,No Change
245,46.7599983215332,47.1352424621582,0.375244140625,No Change
246,46.70000076293945,48.200538635253906,1.5005378723144531,Gain
247,46.08000183105469,48.910011291503906,2.8300094604492188,Gain
248,46.11000061035156,48.00434494018555,1.8943443298339844,Gain
249,46.22000122070313,47.39670944213867,1.1767082214355398,Gain
250,46.15999984741211,46.18142318725586,0.02142333984375,No Change
251,46.849998474121094,45.571044921875,-1.2789535522460938,Loss
252,45.2599983215332,47.39695739746094,2.1369590759277344,Gain
253,44.43000030517578,48.45659255981445,4.026592254638672,Gain
254,44.7400016784668,48.812713623046875,4.072711944580078,Gain
255,44.7400016784668,49.20584487915039,4.465843200683594,Gain
256,43.61999893188477,48.82057189941406,5.20057296752929,Gain
257,42.5,49.1950569152832,6.695056915283203,Gain
258,43.40999984741211,50.44346237182617,7.0334625244140625,Gain
259,43.2400016784668,49.64106750488281,6.401065826416016,Gain
260,43.13999938964844,49.01409912109375,5.8740997314453125,Gain
261,44.38999938964844,49.41575241088867,5.025753021240234,Gain
262,44.47999954223633,49.06415939331055,4.584159851074219,Gain
263,44.81999969482422,48.436100006103516,3.616100311279297,Gain
264,45.75,48.23964309692383,2.489643096923828,Gain
265,46.06000137329102,47.695579528808594,1.635578155517571,Gain
266,45.5099983215332,47.51609802246094,2.0060997009277344,Gain
267,45.29999923706055,47.999515533447266,2.6995162963867188,Gain
268,50.08000183105469,47.74284744262695,-2.3371543884277344,Loss
269,49.97999954223633,47.84708786010742,-2.1329116821289062,Loss
270,48.790000915527344,48.1674919128418,-0.6225090026855469,No Change
271,48.13999938964844,48.55251693725586,0.4125175476074219,No Change
272,47.6500015258789,49.711334228515625,2.061332702636726,Gain
273,46.1500015258789,49.24546813964844,3.0954666137695384,Gain
274,44.52000045776367,49.18248748779297,4.662487030029297,Gain
275,44.90999984741211,50.58854293823242,5.6785430908203125,Gain
276,45.20000076293945,51.30757522583008,6.107574462890625,Gain
277,42.75,50.684326171875,7.934326171875,Gain
278,43.95000076293945,52.717124938964844,8.76712417602539,Gain
279,44.83000183105469,54.007110595703125,9.177108764648438,Gain
280,44.459999084472656,53.71615219116211,9.256153106689453,Gain
281,45.38000106811523,53.08861541748047,7.7086143493652415,Gain
282,45.91999816894531,52.31950759887695,6.399509429931641,Gain
283,45.56000137329102,51.82155990600586,6.261558532714837,Gain
284,46.31999969482422,51.82589340209961,5.505893707275391,Gain
285,45.93999862670898,51.08977508544922,5.1497764587402415,Gain
286,45.79999923706055,51.41822052001953,5.618221282958984,Gain
287,47.72999954223633,51.99797439575195,4.267974853515625,Gain
288,49.11000061035156,51.197113037109375,2.0871124267578125,Gain
289,49.90999984741211,50.46198272705078,0.5519828796386719,No Change
290,49.290000915527344,50.17691421508789,0.8869132995605469,No Change
291,47.84000015258789,50.03693389892578,2.1969337463378906,Gain
292,48.97999954223633,52.031131744384766,3.0511322021484375,Gain
293,49.75,53.14521026611328,3.3952102661132812,Gain
294,50.709999084472656,52.98395919799805,2.2739601135253906,Gain
295,51.31999969482422,52.69721221923828,1.3772125244140625,Gain
296,50.7400016784668,51.76321792602539,1.0232162475585938,Gain
297,52.18999862670898,52.268096923828125,0.07809829711914773,No Change
298,51.52000045776367,51.599910736083984,0.0799102783203125,No Change
299,51.77999877929688,51.49225616455078,-0.28774261474610086,No Change
300,51.86000061035156,52.28409957885742,0.4240989685058594,No Change
301,50.88000106811523,51.94243240356445,1.0624313354492259,Gain
302,51.16999816894531,52.266761779785156,1.0967636108398438,Gain
303,50.83000183105469,51.90046310424805,1.0704612731933594,Gain
304,51.54999923706055,52.196720123291016,0.6467208862304688,No Change
305,51.56000137329102,51.64863967895508,0.0886383056640554,No Change
306,50.83000183105469,51.01433181762695,0.18432998657226562,No Change
307,49.36000061035156,50.56875991821289,1.2087593078613281,Gain
308,52.47999954223633,51.525390625,-0.9546089172363281,No Change
309,51.18999862670898,51.35081100463867,0.1608123779296946,No Change
310,49.599998474121094,52.087127685546875,2.4871292114257812,Gain
311,52.08000183105469,53.55547332763672,1.4754714965820312,Gain
312,48.91999816894531,52.76226043701172,3.8422622680664062,Gain
313,49.75,55.51593017578125,5.76593017578125,Gain
314,49.9900016784668,56.00067901611328,6.010677337646484,Gain
315,50.38000106811523,55.7933464050293,5.41334533691407,Gain
316,48.790000915527344,54.55402374267578,5.7640228271484375,Gain
317,49.54999923706055,55.18287658691406,5.632877349853516,Gain
318,51.27000045776367,55.276580810546875,4.006580352783203,Gain
319,51.099998474121094,53.431270599365234,2.3312721252441406,Gain
320,52.72000122070313,52.88640213012695,0.16640090942382102,No Change
321,51.86000061035156,52.022132873535156,0.16213226318359375,No Change
322,52.4000015258789,52.615440368652344,0.2154388427734446,No Change
323,53.540000915527344,52.377647399902344,-1.162353515625,Loss
324,53.61000061035156,51.89798355102539,-1.7120170593261719,Loss
325,52.22000122070313,51.730159759521484,-0.48984146118164773,No Change
326,51.52999877929688,52.0655403137207,0.535541534423821,No Change
327,51.099998474121094,51.64142990112305,0.5414314270019531,No Change
328,51.45000076293945,51.477569580078125,0.027568817138671875,No Change
329,51.38000106811523,52.184329986572266,0.8043289184570384,No Change
330,53.04999923706055,52.79296875,-0.2570304870605469,No Change
331,52.72999954223633,52.25238800048828,-0.4776115417480469,No Change
332,51.61999893188477,53.974727630615234,2.3547286987304616,Gain
333,53.33000183105469,54.51856994628906,1.188568115234375,Gain
334,52.31000137329102,54.21940612792969,1.9094047546386648,Gain
335,52.27999877929688,53.8300895690918,1.5500907897949148,Gain
336,52.77999877929688,54.38697052001953,1.6069717407226491,Gain
337,53.33000183105469,54.250267028808594,0.9202651977539062,No Change
338,53.63000106811523,52.52342987060547,-1.1065711975097585,Loss
339,54.34000015258789,51.92915344238281,-2.410846710205078,Loss
340,54.97999954223633,51.183685302734375,-3.796314239501953,Loss
341,54.66999816894531,50.8125,-3.8574981689453125,Loss
342,54.9000015258789,50.47098159790039,-4.4290199279785085,Loss
343,53.91999816894531,49.852256774902344,-4.067741394042969,Loss
344,54.63999938964844,50.580055236816406,-4.059944152832031,Loss
345,54.81000137329102,50.53926467895508,-4.270736694335945,Loss
346,53.5,49.74491500854492,-3.755084991455078,Loss
347,54.31999969482422,50.15725326538086,-4.162746429443359,Loss
348,54.45000076293945,50.38869857788086,-4.061302185058594,Loss
349,55.209999084472656,50.81161880493164,-4.398380279541016,Loss
350,54.75,50.340755462646484,-4.409244537353516,Loss
351,55.43999862670898,50.74776077270508,-4.692237854003899,Loss
352,55.31999969482422,50.039432525634766,-5.280567169189453,Loss
353,55.68000030517578,49.76643753051758,-5.913562774658203,Loss
354,55.20000076293945,49.18830871582031,-6.011692047119141,Loss
355,57.08000183105469,49.32404708862305,-7.755954742431641,Loss
356,56.83000183105469,48.6087532043457,-8.221248626708984,Loss
357,56.52999877929688,48.28938293457031,-8.24061584472657,Loss
358,57.02999877929688,48.548828125,-8.481170654296882,Loss
359,55.88000106811523,48.2243766784668,-7.65562438964843,Loss
360,55.04999923706055,48.6329345703125,-6.417064666748047,Loss
361,54.52000045776367,48.62502670288086,-5.8949737548828125,Loss
362,54.81999969482422,48.47251510620117,-6.347484588623047,Loss
363,55.02999877929688,48.62507247924805,-6.404926300048835,Loss
364,55.540000915527344,48.59592819213867,-6.944072723388672,Loss
365,55.11000061035156,48.84779739379883,-6.262203216552734,Loss
366,53.22000122070313,48.05677032470703,-5.163230895996101,Loss
367,52.93000030517578,48.88002014160156,-4.049980163574219,Loss
368,53.459999084472656,48.70158767700195,-4.758411407470703,Loss
369,52.18999862670898,48.02680969238281,-4.163188934326165,Loss
370,52.5,49.5395393371582,-2.960460662841797,Loss
371,50.709999084472656,49.517578125,-1.1924209594726562,Loss
372,49.66999816894531,50.058502197265625,0.3885040283203125,No Change
373,48.7599983215332,49.15597915649414,0.3959808349609375,No Change
374,49.25,49.72738265991211,0.4773826599121094,No Change
375,49.709999084472656,49.90616226196289,0.19616317749023438,No Change
376,50.20000076293945,49.5444450378418,-0.6555557250976562,No Change
377,49.47000122070313,49.91323471069336,0.44323348999022727,No Change
378,50.75,50.40059280395508,-0.3494071960449219,No Change
379,51.36999893188477,50.16560745239258,-1.2043914794921946,Loss
380,51.86000061035156,49.733097076416016,-2.126903533935547,Loss
381,52.15999984741211,49.45499038696289,-2.7050094604492188,Loss
382,51.20000076293945,49.25736999511719,-1.9426307678222656,Loss
383,52.349998474121094,49.036312103271484,-3.3136863708496094,Loss
384,52.22000122070313,48.95957946777344,-3.2604217529296946,Loss
385,52.0099983215332,48.13890075683594,-3.8710975646972656,Loss
386,51.75,47.910980224609375,-3.839019775390625,Loss
387,51.72000122070313,46.95102310180664,-4.7689781188964915,Loss
388,51.97999954223633,47.9785270690918,-4.001472473144531,Loss
389,51.90999984741211,47.319549560546875,-4.590450286865234,Loss
390,52.31000137329102,47.85314178466797,-4.456859588623054,Loss
391,52.18000030517578,48.418888092041016,-3.7611122131347656,Loss
392,52.43000030517578,48.88545227050781,-3.5445480346679688,Loss
393,52.15999984741211,49.044456481933594,-3.1155433654785156,Loss
394,47.68000030517578,47.615638732910156,-0.064361572265625,No Change
395,47.68999862670898,47.92900085449219,0.23900222778321023,No Change
396,48.099998474121094,48.16695022583008,0.06695175170898438,No Change
397,48.81000137329102,48.404232025146484,-0.40576934814453836,No Change
398,49.47999954223633,48.58094024658203,-0.8990592956542969,No Change
399,49.63000106811523,48.720645904541016,-0.9093551635742116,No Change
400,49.29999923706055,49.30280685424805,0.0028076171875,No Change
401,49.70000076293945,48.86434555053711,-0.8356552124023438,No Change
402,49.959999084472656,48.55646514892578,-1.403533935546875,Loss
403,50.13999938964844,48.639244079589844,-1.5007553100585938,Loss
404,48.849998474121094,48.672264099121094,-0.177734375,No Change
405,48.45000076293945,48.020751953125,-0.4292488098144531,No Change
406,48.11999893188477,48.03506088256836,-0.08493804931641336,No Change
407,47.459999084472656,47.93297576904297,0.4729766845703125,No Change
408,47.16999816894531,48.08708953857422,0.9170913696289062,No Change
409,47.099998474121094,48.4736213684082,1.3736228942871094,Gain
410,46.5,48.66929626464844,2.1692962646484375,Gain
411,47.61999893188477,49.39461135864258,1.7746124267578054,Gain
412,47.04999923706055,49.07552719116211,2.0255279541015625,Gain
413,46.97999954223633,47.53367614746094,0.5536766052246094,No Change
414,47.65999984741211,47.887451171875,0.22745132446289062,No Change
415,48.349998474121094,48.12854766845703,-0.2214508056640625,No Change
416,48.56999969482422,47.33993911743164,-1.2300605773925781,Loss
417,48.75,46.475589752197266,-2.2744102478027344,Loss
418,48.2400016784668,46.74456024169922,-1.4954414367675781,Loss
419,48.43000030517578,45.64352798461914,-2.7864723205566406,Loss
420,47.959999084472656,46.97536849975586,-0.9846305847167969,No Change
421,47.72000122070313,45.46973419189453,-2.250267028808601,Loss
422,47.2599983215332,46.808162689208984,-0.45183563232421875,No Change
423,46.45000076293945,46.91254806518555,0.46254730224609375,No Change
424,46.29999923706055,47.17056655883789,0.8705673217773438,No Change
425,44.93000030517578,46.426876068115234,1.4968757629394531,Gain
426,44.93000030517578,47.127685546875,2.1976852416992188,Gain
427,45.56999969482422,47.106895446777344,1.536895751953125,Gain
428,45.540000915527344,47.277347564697266,1.7373466491699219,Gain
429,45.41999816894531,47.04842758178711,1.6284294128417969,Gain
430,46.099998474121094,47.608829498291016,1.5088310241699219,Gain
431,46.1500015258789,46.58075714111328,0.4307556152343821,No Change
432,47.20000076293945,47.22492980957031,0.024929046630859375,No Change
433,46.65999984741211,47.09956741333008,0.43956756591796875,No Change
434,46.90999984741211,47.57171630859375,0.6617164611816406,No Change
435,45.90999984741211,47.50094985961914,1.5909500122070312,Gain
436,45.70000076293945,47.49036407470703,1.7903633117675781,Gain
437,45.88000106811523,45.97633743286133,0.09633636474610086,No Change
438,47.290000915527344,48.064361572265625,0.7743606567382812,No Change
439,46.45000076293945,48.29635238647461,1.8463516235351562,Gain
440,48.099998474121094,48.4289436340332,0.3289451599121094,No Change
441,48.7599983215332,48.34263229370117,-0.41736602783203125,No Change
442,48.13000106811523,48.465614318847656,0.335613250732429,No Change
443,47.02999877929688,48.94071960449219,1.9107208251953054,Gain
444,47.02999877929688,50.1605110168457,3.130512237548821,Gain
445,46.54999923706055,49.249935150146484,2.6999359130859375,Gain
446,44.79999923706055,48.63478469848633,3.8347854614257812,Gain
447,44.22999954223633,48.436092376708984,4.206092834472656,Gain
448,44.88000106811523,49.27720260620117,4.397201538085945,Gain
449,44.52999877929688,49.59496307373047,5.064964294433587,Gain
450,45.93999862670898,49.749473571777344,3.8094749450683665,Gain
451,45.88999938964844,49.754112243652344,3.8641128540039062,Gain
452,44.97000122070313,49.69579315185547,4.725791931152337,Gain
453,44.0,49.351192474365234,5.351192474365234,Gain
454,45.0099983215332,49.683982849121094,4.673984527587891,Gain
455,44.5,49.71849822998047,5.218498229980469,Gain
456,42.41999816894531,48.97397232055664,6.553974151611328,Gain
457,44.310001373291016,50.525360107421875,6.215358734130859,Gain
458,45.68999862670898,51.03718566894531,5.347187042236335,Gain
459,45.4000015258789,50.99184036254883,5.591838836669929,Gain
460,47.7599983215332,52.244564056396484,4.484565734863281,Gain
461,46.88000106811523,51.519683837890625,4.639682769775398,Gain
462,48.22000122070313,52.458953857421875,4.238952636718743,Gain
463,47.11000061035156,52.31254577636719,5.202545166015625,Gain
464,47.97000122070313,53.04931640625,5.079315185546868,Gain
465,47.25,52.69004440307617,5.440044403076172,Gain
466,48.72000122070313,52.868797302246094,4.148796081542962,Gain
467,48.9900016784668,51.803871154785156,2.8138694763183594,Gain
468,48.11000061035156,50.97929763793945,2.8692970275878906,Gain
469,46.6500015258789,50.46600341796875,3.816001892089851,Gain
470,47.38999938964844,50.91719436645508,3.5271949768066406,Gain
471,47.09000015258789,50.427398681640625,3.3373985290527344,Gain
472,48.11000061035156,51.256351470947266,3.146350860595703,Gain
473,48.83000183105469,51.458473205566406,2.6284713745117188,Gain
474,48.0,51.305381774902344,3.3053817749023438,Gain
475,47.38999938964844,51.56966018676758,4.179660797119141,Gain
476,47.02999877929688,51.23743438720703,4.207435607910149,Gain
477,46.540000915527344,50.83208084106445,4.292079925537109,Gain
478,47.45000076293945,50.51923751831055,3.0692367553710938,Gain
479,48.06999969482422,50.42750549316406,2.3575057983398438,Gain
480,48.86000061035156,50.296382904052734,1.4363822937011719,Gain
481,47.70000076293945,49.4282341003418,1.7282333374023438,Gain
482,49.31000137329102,49.796695709228516,0.4866943359374929,No Change
483,50.13000106811523,49.469764709472656,-0.660236358642571,No Change
484,47.75,49.356361389160156,1.6063613891601562,Gain
485,48.36999893188477,51.235740661621094,2.865741729736321,Gain
486,46.2400016784668,50.057655334472656,3.8176536560058594,Gain
487,47.209999084472656,51.23057556152344,4.020576477050781,Gain
488,47.38000106811523,51.10347366333008,3.723472595214851,Gain
489,47.83000183105469,51.05126953125,3.2212677001953125,Gain
490,48.290000915527344,51.892616271972656,3.6026153564453125,Gain
491,47.86000061035156,51.22914505004883,3.3691444396972656,Gain
492,47.08000183105469,50.715858459472656,3.6358566284179688,Gain
493,47.7400016784668,51.22781753540039,3.4878158569335938,Gain
494,45.56999969482422,49.977298736572266,4.407299041748047,Gain
495,45.540000915527344,50.843788146972656,5.3037872314453125,Gain
496,44.84000015258789,50.40901184082031,5.569011688232422,Gain
497,43.59000015258789,50.825828552246094,7.235828399658203,Gain
498,46.18999862670898,52.82721710205078,6.637218475341804,Gain
499,46.36000061035156,53.125240325927734,6.765239715576172,Gain
500,46.75,53.479793548583984,6.729793548583984,Gain
501,46.93000030517578,52.733306884765625,5.803306579589844,Gain
502,47.08000183105469,52.981075286865234,5.901073455810547,Gain
503,44.4900016784668,51.975345611572266,7.485343933105469,Gain
504,47.22000122070313,53.7756462097168,6.555644989013665,Gain
505,47.43999862670898,52.97203063964844,5.53203201293946,Gain
506,47.7400016784668,52.40647506713867,4.666473388671875,Gain
507,48.0099983215332,52.06753158569336,4.057533264160156,Gain
508,48.56000137329102,51.99726867675781,3.4372673034667898,Gain
509,48.93000030517578,51.577049255371094,2.6470489501953125,Gain
510,48.349998474121094,51.76401901245117,3.414020538330078,Gain
511,48.599998474121094,51.110565185546875,2.5105667114257812,Gain
512,48.13000106811523,50.7880973815918,2.6580963134765696,Gain
513,48.47000122070313,50.80876922607422,2.3387680053710866,Gain
514,49.18999862670898,50.611045837402344,1.4210472106933665,Gain
515,48.27000045776367,49.82366180419922,1.5536613464355469,Gain
516,47.93999862670898,49.78245544433594,1.8424568176269602,Gain
517,49.7599983215332,50.270816802978516,0.5108184814453125,No Change
518,47.040000915527344,50.06822204589844,3.0282211303710938,Gain
519,46.709999084472656,50.02627182006836,3.316272735595703,Gain
520,46.540000915527344,49.25178909301758,2.7117881774902344,Gain
521,47.540000915527344,49.67668533325195,2.1366844177246094,Gain
522,47.11999893188477,49.63990020751953,2.5199012756347585,Gain
523,48.72999954223633,49.89216995239258,1.16217041015625,Gain
524,49.22000122070313,49.899017333984375,0.6790161132812429,No Change
525,50.0099983215332,49.19989776611328,-0.8101005554199219,No Change
526,49.9000015258789,49.23616027832031,-0.6638412475585866,No Change
527,49.22999954223633,49.52524948120117,0.29524993896484375,No Change
528,48.84000015258789,49.83501434326172,0.9950141906738281,No Change
529,48.77000045776367,50.09511184692383,1.3251113891601562,Gain
530,50.0099983215332,49.66419982910156,-0.3457984924316406,No Change
531,50.47000122070313,49.411006927490234,-1.0589942932128977,Loss
532,50.81000137329102,48.906410217285156,-1.9035911560058665,Loss
533,51.65999984741211,48.47895050048828,-3.181049346923828,Loss
534,51.4000015258789,47.90839385986328,-3.491607666015618,Loss
535,51.38999938964844,47.628536224365234,-3.761463165283203,Loss
536,51.40999984741211,48.03554916381836,-3.37445068359375,Loss
537,52.4900016784668,47.69205093383789,-4.797950744628906,Loss
538,53.099998474121094,47.54328155517578,-5.5567169189453125,Loss
539,53.22999954223633,46.40129852294922,-6.828701019287109,Loss
540,53.2400016784668,47.292781829833984,-5.9472198486328125,Loss
541,52.959999084472656,46.31111145019531,-6.648887634277344,Loss
542,53.29999923706055,47.20849609375,-6.091503143310547,Loss
543,53.93999862670898,46.619972229003906,-7.320026397705071,Loss
544,53.68000030517578,46.45248794555664,-7.227512359619141,Loss
545,52.95000076293945,46.5134391784668,-6.436561584472656,Loss
546,52.599998474121094,45.84849166870117,-6.751506805419922,Loss
547,52.47999954223633,46.010711669921875,-6.469287872314453,Loss
548,53.349998474121094,47.500431060791016,-5.849567413330078,Loss
549,53.56999969482422,46.98012924194336,-6.589870452880859,Loss
550,54.36999893188477,47.437828063964844,-6.932170867919929,Loss
551,53.43999862670898,47.119834899902344,-6.3201637268066335,Loss
552,54.33000183105469,47.748897552490234,-6.581104278564453,Loss
553,54.099998474121094,47.710018157958984,-6.389980316162109,Loss
554,54.16999816894531,47.625579833984375,-6.5444183349609375,Loss
555,53.81999969482422,47.75712203979492,-6.062877655029297,Loss
556,54.63999938964844,48.22616195678711,-6.413837432861328,Loss
557,53.2599983215332,47.771846771240234,-5.488151550292969,Loss
558,52.77999877929688,48.11030960083008,-4.669689178466804,Loss
559,53.43999862670898,48.32579803466797,-5.1142005920410085,Loss
560,53.15999984741211,48.26237487792969,-4.897624969482422,Loss
561,53.11000061035156,48.488197326660156,-4.621803283691406,Loss
562,53.70000076293945,48.4824104309082,-5.21759033203125,Loss
563,54.5099983215332,47.48537063598633,-7.024627685546875,Loss
564,54.36000061035156,47.53033447265625,-6.8296661376953125,Loss
565,55.47999954223633,47.22552490234375,-8.254474639892578,Loss
566,55.91999816894531,47.24944305419922,-8.670555114746094,Loss
567,55.599998474121094,47.10108184814453,-8.498916625976562,Loss
568,55.68000030517578,47.56666946411133,-8.113330841064453,Loss
569,55.31999969482422,47.11888885498047,-8.20111083984375,Loss
570,55.75,46.13960647583008,-9.610393524169922,Loss
571,55.79999923706055,44.86763381958008,-10.932365417480469,Loss
572,56.41999816894531,44.95622634887695,-11.46377182006836,Loss
573,56.27999877929688,45.21806335449219,-11.061935424804695,Loss
574,56.709999084472656,46.977317810058594,-9.732681274414062,Loss
575,58.56000137329102,46.94224548339844,-11.617755889892585,Loss
576,58.4900016784668,47.17030334472656,-11.319698333740234,Loss
577,58.81999969482422,47.43409729003906,-11.385902404785156,Loss
578,58.77999877929688,47.368385314941406,-11.411613464355476,Loss
579,58.72000122070313,47.47384262084961,-11.246158599853523,Loss
580,57.61000061035156,47.834815979003906,-9.775184631347656,Loss
581,52.43000030517578,46.227420806884766,-6.202579498291016,Loss
582,51.11000061035156,45.08976364135742,-6.020236968994141,Loss
583,51.040000915527344,45.31142807006836,-5.728572845458984,Loss
584,50.7599983215332,45.0156364440918,-5.744361877441406,Loss
585,50.54999923706055,45.73255920410156,-4.817440032958984,Loss
586,51.75,47.19749450683594,-4.5525054931640625,Loss
587,51.22000122070313,49.38800811767578,-1.8319931030273509,Loss
588,50.47999954223633,48.9974479675293,-1.4825515747070312,Loss
589,49.2400016784668,48.299068450927734,-0.9409332275390625,No Change
590,46.61999893188477,48.043609619140625,1.4236106872558523,Gain
591,46.20000076293945,48.74787902832031,2.5478782653808594,Gain
592,44.7599983215332,48.41951370239258,3.659515380859375,Gain
593,45.16999816894531,48.672611236572266,3.502613067626953,Gain
594,45.61999893188477,49.22785949707031,3.6078605651855398,Gain
595,45.52999877929688,49.62342071533203,4.093421936035149,Gain
596,44.88999938964844,49.72333908081055,4.833339691162109,Gain
597,43.560001373291016,48.960567474365234,5.400566101074219,Gain
598,44.459999084472656,48.93965530395508,4.479656219482422,Gain
599,44.0,48.61635208129883,4.616352081298828,Gain
600,44.52999877929688,49.15852737426758,4.628528594970696,Gain
601,44.56999969482422,49.2838249206543,4.713825225830078,Gain
602,43.56999969482422,49.00564956665039,5.435649871826172,Gain
603,44.22999954223633,49.89688491821289,5.6668853759765625,Gain
604,44.72999954223633,49.874549865722656,5.144550323486328,Gain
605,44.040000915527344,49.78514099121094,5.745140075683594,Gain
606,43.459999084472656,49.702842712402344,6.2428436279296875,Gain
607,44.790000915527344,49.913307189941406,5.1233062744140625,Gain
608,44.54999923706055,49.76765441894531,5.217655181884766,Gain
609,45.099998474121094,49.821834564208984,4.721836090087891,Gain
610,46.02999877929688,49.264617919921875,3.234619140624993,Gain
611,46.79999923706055,48.68916320800781,1.8891639709472656,Gain
612,46.849998474121094,48.06968307495117,1.2196846008300781,Gain
613,46.31999969482422,48.05384063720703,1.7338409423828125,Gain
614,46.70000076293945,47.869327545166016,1.1693267822265625,Gain
615,46.18999862670898,47.97534942626953,1.785350799560554,Gain
616,46.13000106811523,47.687129974365234,1.557128906250007,Gain
617,47.36999893188477,48.29213333129883,0.9221343994140554,No Change
618,47.06999969482422,48.06163787841797,0.99163818359375,No Change
619,47.18999862670898,47.90959930419922,0.7196006774902415,No Change
620,47.459999084472656,48.67918014526367,1.2191810607910156,Gain
621,47.63000106811523,48.53262710571289,0.9026260375976634,No Change
622,46.849998474121094,48.30313491821289,1.4531364440917969,Gain
623,48.18999862670898,48.58197784423828,0.391979217529304,No Change
624,47.459999084472656,48.12797546386719,0.6679763793945312,No Change
625,47.86999893188477,47.58110809326172,-0.288890838623054,No Change
626,48.04999923706055,47.963287353515625,-0.08671188354492188,No Change
627,48.11999893188477,47.99278259277344,-0.12721633911133523,No Change
628,48.52000045776367,47.96336364746094,-0.5566368103027344,No Change
629,48.08000183105469,47.93826675415039,-0.14173507690429688,No Change
630,47.81999969482422,48.227745056152344,0.407745361328125,No Change
631,47.75,46.449317932128906,-1.3006820678710938,Loss
632,48.209999084472656,46.81047821044922,-1.3995208740234375,Loss
633,48.599998474121094,45.261474609375,-3.3385238647460938,Loss
634,49.91999816894531,47.514862060546875,-2.4051361083984375,Loss
635,50.11999893188477,47.28131866455078,-2.8386802673339915,Loss
636,49.16999816894531,46.906883239746094,-2.2631149291992188,Loss
637,49.38999938964844,47.25022506713867,-2.1397743225097656,Loss
638,49.93999862670898,47.481346130371094,-2.4586524963378835,Loss
639,50.27000045776367,47.302616119384766,-2.9673843383789062,Loss
640,51.349998474121094,48.14176559448242,-3.208232879638672,Loss
641,51.75,47.593162536621094,-4.156837463378906,Loss
642,52.91999816894531,47.70467758178711,-5.215320587158203,Loss
643,52.15999984741211,47.43653106689453,-4.723468780517578,Loss
644,51.59000015258789,47.76034927368164,-3.82965087890625,Loss
645,52.5099983215332,49.19931411743164,-3.3106842041015625,Loss
646,51.70000076293945,49.80573272705078,-1.8942680358886719,Loss
647,50.54999923706055,48.8345947265625,-1.7154045104980469,Loss
648,49.5,49.158077239990234,-0.3419227600097656,No Change
649,48.68000030517578,49.817317962646484,1.1373176574707031,Gain
650,46.97000122070313,49.281349182128906,2.311347961425774,Gain
651,46.959999084472656,48.9658088684082,2.005809783935547,Gain
652,46.72999954223633,48.980552673339844,2.2505531311035156,Gain
653,47.16999816894531,49.884986877441406,2.7149887084960938,Gain
654,45.97999954223633,49.60702896118164,3.6270294189453125,Gain
655,45.599998474121094,49.494873046875,3.8948745727539062,Gain
656,46.84000015258789,50.51594543457031,3.675945281982422,Gain
657,45.86999893188477,50.15141677856445,4.28141784667968,Gain
658,45.70000076293945,50.193180084228516,4.4931793212890625,Gain
659,46.5,50.202789306640625,3.702789306640625,Gain
660,47.22999954223633,49.61951446533203,2.389514923095703,Gain
661,46.599998474121094,49.023868560791016,2.423870086669922,Gain
662,47.1500015258789,48.84547424316406,1.6954727172851634,Gain
663,46.77999877929688,48.23798751831055,1.4579887390136648,Gain
664,44.959999084472656,47.743736267089844,2.7837371826171875,Gain
665,45.56000137329102,48.39754867553711,2.8375473022460866,Gain
666,45.790000915527344,48.17142105102539,2.381420135498047,Gain
667,45.790000915527344,48.2984619140625,2.5084609985351562,Gain
668,46.86999893188477,48.12024688720703,1.2502479553222585,Gain
669,47.40999984741211,47.84810256958008,0.43810272216796875,No Change
670,46.97999954223633,47.60763931274414,0.6276397705078125,No Change
671,48.91999816894531,47.218536376953125,-1.7014617919921875,Loss
672,50.099998474121094,46.89371871948242,-3.206279754638672,Loss
673,50.91999816894531,47.08863830566406,-3.83135986328125,Loss
674,51.59000015258789,47.07119369506836,-4.518806457519531,Loss
675,51.81999969482422,47.10860824584961,-4.711391448974609,Loss
676,52.790000915527344,47.6533088684082,-5.136692047119141,Loss
677,53.0099983215332,48.11892318725586,-4.891075134277344,Loss
678,52.540000915527344,48.378143310546875,-4.161857604980469,Loss
679,52.20000076293945,48.63727951049805,-3.5627212524414062,Loss
680,51.95000076293945,48.6101188659668,-3.3398818969726562,Loss
681,51.7400016784668,48.525203704833984,-3.2147979736328125,Loss
682,51.56999969482422,48.520652770996094,-3.049346923828125,Loss
683,50.72000122070313,47.77516174316406,-2.9448394775390696,Loss
684,50.9000015258789,48.23992919921875,-2.660072326660149,Loss
685,49.81999969482422,47.55458068847656,-2.2654190063476562,Loss
686,51.02000045776367,49.18820571899414,-1.8317947387695312,Loss
687,50.91999816894531,49.42884826660156,-1.49114990234375,Loss
688,50.77999877929688,49.59489822387695,-1.185100555419929,Loss
689,51.52999877929688,49.82426452636719,-1.7057342529296946,Loss
690,50.7599983215332,49.18426513671875,-1.5757331848144531,Loss
691,49.38999938964844,49.63591003417969,0.24591064453125,No Change
692,50.02999877929688,50.112022399902344,0.08202362060546164,No Change
693,50.91999816894531,49.98581314086914,-0.9341850280761719,No Change
694,50.61999893188477,49.81313705444336,-0.8068618774414134,No Change
695,49.72999954223633,49.49262619018555,-0.23737335205078125,No Change
696,50.47999954223633,49.87691116333008,-0.60308837890625,No Change
697,51.11000061035156,49.434017181396484,-1.6759834289550781,Loss
698,52.09000015258789,49.040435791015625,-3.0495643615722656,Loss
699,51.63999938964844,48.59638977050781,-3.043609619140625,Loss
700,52.6500015258789,48.52097702026367,-4.129024505615227,Loss
701,52.45000076293945,48.482967376708984,-3.9670333862304688,Loss
702,51.86000061035156,48.401737213134766,-3.458263397216797,Loss
703,51.36000061035156,49.23649597167969,-2.123504638671875,Loss
704,52.13000106811523,49.28493118286133,-2.845069885253899,Loss
705,52.0099983215332,47.97277069091797,-4.037227630615234,Loss
706,51.72000122070313,48.319095611572266,-3.4009056091308665,Loss
707,52.22999954223633,48.47020721435547,-3.7597923278808594,Loss
708,56.459999084472656,48.19227981567383,-8.267719268798828,Loss
709,56.7599983215332,47.59126663208008,-9.168731689453125,Loss
710,56.34000015258789,47.400089263916016,-8.939910888671875,Loss
711,56.599998474121094,47.387298583984375,-9.212699890136719,Loss
712,56.52999877929688,47.79434585571289,-8.735652923583991,Loss
713,56.5099983215332,48.612892150878906,-7.897106170654297,Loss
714,57.61000061035156,50.01385498046875,-7.5961456298828125,Loss
715,57.54999923706055,48.98386001586914,-8.566139221191406,Loss
716,57.599998474121094,49.07448196411133,-8.525516510009766,Loss
717,58.04999923706055,48.87752151489258,-9.172477722167969,Loss
718,58.27000045776367,48.71014404296875,-9.559856414794922,Loss
719,58.349998474121094,48.72636413574219,-9.623634338378906,Loss
720,58.20000076293945,48.68048858642578,-9.519512176513672,Loss
721,57.88999938964844,48.092735290527344,-9.797264099121094,Loss
722,57.81000137329102,45.971435546875,-11.838565826416023,Loss
723,57.959999084472656,48.12308883666992,-9.836910247802734,Loss
724,58.25,47.114864349365234,-11.135135650634766,Loss
725,58.349998474121094,47.838558197021484,-10.51144027709961,Loss
726,57.9000015258789,48.497623443603516,-9.402378082275384,Loss
727,58.22000122070313,47.29396057128906,-10.92604064941407,Loss
728,57.61000061035156,48.59477233886719,-9.015228271484375,Loss
729,58.81000137329102,47.86598205566406,-10.94401931762696,Loss
730,58.9000015258789,48.2972297668457,-10.602771759033196,Loss
731,58.5099983215332,48.006187438964844,-10.50381088256836,Loss
732,58.04999923706055,47.04007339477539,-11.009925842285156,Loss
733,57.65999984741211,47.553646087646484,-10.106353759765625,Loss
734,56.06999969482422,47.25917053222656,-8.810829162597656,Loss
735,56.02000045776367,47.00033187866211,-9.019668579101562,Loss
736,56.08000183105469,46.9698486328125,-9.110153198242188,Loss
737,56.81000137329102,47.30258560180664,-9.507415771484382,Loss
738,56.52999877929688,47.35759353637695,-9.172405242919929,Loss
739,56.59000015258789,46.195552825927734,-10.394447326660156,Loss
740,57.06999969482422,45.252906799316406,-11.817092895507812,Loss
741,57.54999923706055,47.2610969543457,-10.288902282714844,Loss
742,57.790000915527344,47.39989471435547,-10.390106201171875,Loss
743,57.70000076293945,47.46962356567383,-10.230377197265625,Loss
744,57.29999923706055,47.58218765258789,-9.717811584472656,Loss
745,57.16999816894531,46.986141204833984,-10.183856964111328,Loss
746,57.959999084472656,47.68141555786133,-10.278583526611328,Loss
747,58.95000076293945,48.42021560668945,-10.52978515625,Loss
748,59.22999954223633,47.89222717285156,-11.337772369384766,Loss
749,59.40999984741211,47.02117919921875,-12.38882064819336,Loss
750,59.81999969482422,47.04130172729492,-12.778697967529297,Loss
751,60.08000183105469,46.74483108520508,-13.33517074584961,Loss
752,59.61999893188477,46.98078918457031,-12.63920974731446,Loss
753,59.849998474121094,45.15815734863281,-14.691841125488281,Loss
754,60.84000015258789,45.19512939453125,-15.64487075805664,Loss
755,60.099998474121094,45.638126373291016,-14.461872100830078,Loss
756,59.93000030517578,45.77880096435547,-14.151199340820312,Loss
757,58.93000030517578,46.89068603515625,-12.039314270019531,Loss
758,58.97000122070313,47.25484848022461,-11.715152740478523,Loss
759,59.29999923706055,46.89462661743164,-12.405372619628906,Loss
760,58.93999862670898,47.28099822998047,-11.659000396728509,Loss
761,59.59000015258789,46.80986022949219,-12.780139923095703,Loss
762,59.43000030517578,46.09351348876953,-13.33648681640625,Loss
763,58.93999862670898,47.3537712097168,-11.58622741699218,Loss
764,59.65999984741211,46.1235237121582,-13.536476135253906,Loss
765,59.599998474121094,46.99026870727539,-12.609729766845703,Loss
766,60.54999923706055,47.91046905517578,-12.639530181884766,Loss
767,62.72999954223633,47.70547866821289,-15.024520874023438,Loss
768,63.31999969482422,47.350303649902344,-15.969696044921875,Loss
769,68.47000122070311,46.535621643066406,-21.934379577636705,Loss
770,65.69000244140625,46.88581085205078,-18.80419158935547,Loss
771,67.30999755859375,48.19535446166992,-19.114643096923828,Loss
772,66.33000183105469,48.795318603515625,-17.534683227539062,Loss
773,66.47000122070311,50.73295211791992,-15.737049102783189,Loss
774,63.93000030517578,50.32091522216797,-13.609085083007812,Loss
775,64.41999816894531,51.92422866821289,-12.495769500732422,Loss
776,65.45999908447266,51.32849884033203,-14.131500244140625,Loss
777,67.33999633789061,51.24867630004883,-16.091320037841783,Loss
778,67.08999633789061,50.913124084472656,-16.176872253417955,Loss
779,66.01999664306639,50.19704055786133,-15.822956085205064,Loss
780,66.38999938964844,50.6689453125,-15.721054077148438,Loss
781,67.41000366210939,50.111759185791016,-17.298244476318374,Loss
782,67.45999908447266,50.448097229003906,-17.01190185546875,Loss
783,67.44000244140625,50.70988845825195,-16.730113983154297,Loss
784,67.26999664306639,50.22032928466797,-17.049667358398423,Loss
785,66.13999938964844,50.22943878173828,-15.910560607910156,Loss
786,67.11000061035156,50.5506591796875,-16.559341430664062,Loss
787,65.44999694824219,49.74018478393555,-15.70981216430664,Loss
788,64.33999633789061,50.19601821899414,-14.14397811889647,Loss
789,61.7599983215332,49.8872184753418,-11.872779846191406,Loss
790,59.72999954223633,48.44703674316406,-11.282962799072266,Loss
791,59.6500015258789,49.63458251953125,-10.01541900634765,Loss
792,55.83000183105469,48.625911712646484,-7.204090118408203,Loss
793,55.52000045776367,50.88209915161133,-4.637901306152344,Loss
794,58.18000030517578,52.501495361328125,-5.678504943847656,Loss
795,55.97000122070313,53.3884391784668,-2.5815620422363352,Loss
796,58.68000030517578,56.71628952026367,-1.9637107849121094,Loss
797,56.959999084472656,56.50779342651367,-0.4522056579589844,No Change
798,55.77000045776367,57.38022994995117,1.6102294921875,Gain
799,50.849998474121094,55.17579650878906,4.325798034667969,Gain
800,53.97999954223633,56.22178649902344,2.2417869567871094,Gain
801,51.65999984741211,55.697113037109375,4.037113189697266,Gain
802,45.540000915527344,52.106834411621094,6.56683349609375,Gain
803,54.43000030517578,58.455909729003906,4.025909423828125,Gain
804,44.61000061035156,56.439491271972656,11.829490661621094,Gain
805,50.08000183105469,66.86154174804688,16.781539916992188,Gain
806,47.61000061035156,68.5447998046875,20.934799194335938,Gain
807,45.93999862670898,69.37034606933594,23.43034744262696,Gain
808,45.83000183105469,71.06536102294922,25.23535919189453,Gain
809,49.58000183105469,72.80828857421875,23.228286743164062,Gain
810,52.4000015258789,71.21100616455078,18.811004638671882,Gain
811,51.2599983215332,68.98819732666016,17.728199005126953,Gain
812,55.540000915527344,68.82935333251953,13.289352416992188,Gain
813,52.36999893188477,67.06008911132812,14.690090179443352,Gain
814,55.4900016784668,67.74649047851562,12.256488800048828,Gain
815,54.11999893188477,67.45426940917969,13.334270477294915,Gain
816,51.88000106811523,66.9847640991211,15.104763031005866,Gain
817,54.349998474121094,68.21713256835938,13.867134094238281,Gain
818,54.13000106811523,67.36637878417969,13.23637771606446,Gain
819,58.43000030517578,66.21881103515625,7.788810729980469,Gain
820,58.4000015258789,64.9287338256836,6.528732299804695,Gain
821,58.97999954223633,64.63898468017578,5.658985137939453,Gain
822,57.13999938964844,63.62773513793945,6.487735748291016,Gain
823,58.70000076293945,65.4977798461914,6.797779083251953,Gain
824,60.65999984741211,63.40345764160156,2.743457794189453,Gain
825,58.86999893188477,62.11204528808594,3.2420463562011648,Gain
826,60.790000915527344,61.03342819213867,0.24342727661132812,No Change
827,60.36000061035156,59.02865219116211,-1.3313484191894531,Loss
828,59.18000030517578,59.3245849609375,0.14458465576171875,No Change
829,56.36000061035156,57.01429748535156,0.654296875,No Change
830,60.099998474121094,58.024906158447266,-2.075092315673828,Loss
831,59.040000915527344,57.57801818847656,-1.4619827270507812,Loss
832,59.2599983215332,58.53410720825195,-0.72589111328125,No Change
833,59.47000122070313,57.690948486328125,-1.779052734375007,Loss
834,58.75,56.91722869873047,-1.8327713012695312,Loss
835,61.79999923706055,57.86714172363281,-3.9328575134277344,Loss
836,59.97999954223633,57.19890213012695,-2.781097412109375,Loss
837,57.47000122070313,56.190330505371094,-1.2796707153320384,Loss
838,57.9900016784668,56.86725616455078,-1.1227455139160156,Loss
839,58.75,55.57517623901367,-3.174823760986328,Loss
840,59.18000030517578,55.06264114379883,-4.117359161376953,Loss
841,59.16999816894531,53.89234924316406,-5.27764892578125,Loss
842,59.66999816894531,53.84086608886719,-5.829132080078125,Loss
843,60.13000106811523,52.88687515258789,-7.243125915527337,Loss
844,58.38999938964844,51.926334381103516,-6.463665008544922,Loss
845,57.7400016784668,52.72407150268555,-5.01593017578125,Loss
846,59.08000183105469,54.456539154052734,-4.623462677001953,Loss
847,58.27999877929688,55.02947998046875,-3.250518798828132,Loss
848,59.91999816894531,54.55525207519531,-5.36474609375,Loss
849,60.290000915527344,54.605587005615234,-5.684413909912109,Loss
850,63.099998474121094,54.617496490478516,-8.482501983642578,Loss
851,61.97999954223633,53.416053771972656,-8.563945770263672,Loss
852,62.2599983215332,53.831871032714844,-8.42812728881836,Loss
853,62.34000015258789,52.090816497802734,-10.249183654785156,Loss
854,63.56000137329102,53.84381866455078,-9.716182708740241,Loss
855,61.70000076293945,54.172603607177734,-7.527397155761719,Loss
856,62.93000030517578,55.289791107177734,-7.640209197998047,Loss
857,61.86000061035156,54.44822692871094,-7.411773681640625,Loss
858,62.11999893188477,54.16405487060547,-7.955944061279304,Loss
859,61.93000030517578,53.88044357299805,-8.049556732177734,Loss
860,62.97000122070313,54.06609344482422,-8.903907775878913,Loss
861,64.33999633789061,53.74205780029297,-10.597938537597642,Loss
862,63.66999816894531,53.3729248046875,-10.297073364257812,Loss
863,63.040000915527344,53.091712951660156,-9.948287963867188,Loss
864,63.86999893188477,53.40394973754883,-10.466049194335945,Loss
865,59.70000076293945,51.50168228149414,-8.198318481445312,Loss
866,59.33000183105469,53.3283805847168,-6.001621246337891,Loss
867,60.099998474121094,53.80453872680664,-6.295459747314453,Loss
868,60.4000015258789,53.458858489990234,-6.941143035888665,Loss
869,60.4900016784668,54.54207229614258,-5.947929382324219,Loss
870,60.08000183105469,54.837303161621094,-5.242698669433594,Loss
871,59.61999893188477,55.504695892333984,-4.115303039550788,Loss
872,60.09000015258789,54.98838424682617,-5.101615905761719,Loss
873,59.91999816894531,54.373748779296875,-5.5462493896484375,Loss
874,59.09000015258789,53.29279327392578,-5.797206878662109,Loss
875,58.5099983215332,52.40475845336914,-6.1052398681640625,Loss
876,57.5,52.05049514770508,-5.449504852294922,Loss
877,58.27000045776367,52.812808990478516,-5.457191467285156,Loss
878,59.83000183105469,52.880218505859375,-6.9497833251953125,Loss
879,58.81000137329102,52.084083557128906,-6.7259178161621165,Loss
880,59.13000106811523,52.806827545166016,-6.323173522949212,Loss
881,59.540000915527344,52.650360107421875,-6.889640808105469,Loss
882,58.31000137329102,51.69938278198242,-6.610618591308601,Loss
883,58.61000061035156,52.059898376464844,-6.550102233886719,Loss
884,58.41999816894531,51.74449920654297,-6.675498962402344,Loss
885,59.52999877929688,52.101829528808594,-7.428169250488288,Loss
886,58.58000183105469,51.14655303955078,-7.433448791503906,Loss
887,58.97999954223633,52.464805603027344,-6.515193939208984,Loss
888,59.02999877929688,52.49852752685547,-6.531471252441413,Loss
889,59.13999938964844,52.24774932861328,-6.892250061035156,Loss
890,60.0,52.12784194946289,-7.872158050537109,Loss
891,61.1500015258789,52.12043380737305,-9.029567718505852,Loss
892,60.70000076293945,51.433319091796875,-9.266681671142578,Loss
893,61.04999923706055,51.1755256652832,-9.874473571777344,Loss
894,60.4000015258789,50.9569206237793,-9.443080902099602,Loss
895,50.59000015258789,48.15092086791992,-2.4390792846679688,Loss
896,49.56999969482422,47.25997543334961,-2.3100242614746094,Loss
897,49.2400016784668,47.188880920410156,-2.0511207580566406,Loss
898,48.06999969482422,46.28758239746094,-1.7824172973632812,Loss
899,47.9900016784668,47.04128646850586,-0.9487152099609375,No Change
900,47.72999954223633,48.140628814697266,0.4106292724609375,No Change
901,48.29999923706055,51.94320297241211,3.6432037353515625,Gain
902,49.13000106811523,51.54930114746094,2.4193000793457102,Gain
903,48.91999816894531,50.66909408569336,1.7490959167480469,Gain
904,48.56999969482422,50.943504333496094,2.373504638671875,Gain
905,48.02999877929688,50.367767333984375,2.337768554687493,Gain
906,49.22000122070313,50.70045471191406,1.4804534912109304,Gain
907,48.18999862670898,49.887115478515625,1.6971168518066477,Gain
908,49.18999862670898,50.7215690612793,1.5315704345703196,Gain
909,48.56000137329102,50.496238708496094,1.936237335205071,Gain
910,48.88999938964844,50.63405227661133,1.7440528869628906,Gain
911,48.93000030517578,50.310211181640625,1.3802108764648438,Gain
912,48.6500015258789,49.868709564208984,1.2187080383300852,Gain
913,48.33000183105469,49.61437225341797,1.2843704223632812,Gain
914,49.16999816894531,49.12652587890625,-0.0434722900390625,No Change
915,49.27999877929688,48.55396270751953,-0.7260360717773509,No Change
916,49.13999938964844,47.939144134521484,-1.2008552551269531,Loss
917,49.43000030517578,47.81107711791992,-1.6189231872558594,Loss
918,49.54999923706055,46.84609603881836,-2.7039031982421875,Loss
919,49.4000015258789,47.78940963745117,-1.6105918884277273,Loss
920,50.43000030517578,48.22229766845703,-2.20770263671875,Loss
921,50.95000076293945,47.6891975402832,-3.26080322265625,Loss
922,50.790000915527344,47.83224105834961,-2.9577598571777344,Loss
923,52.25,48.126068115234375,-4.123931884765625,Loss
924,50.38999938964844,47.9184684753418,-2.4715309143066406,Loss
925,50.08000183105469,49.77406692504883,-0.3059349060058594,No Change
926,48.90999984741211,50.19094467163086,1.28094482421875,Gain
927,49.61999893188477,50.06410217285156,0.44410324096678977,No Change
928,48.959999084472656,49.395286560058594,0.4352874755859375,No Change
929,49.27999877929688,50.067054748535156,0.7870559692382741,No Change
930,49.40999984741211,50.6998176574707,1.2898178100585938,Gain
931,50.0,49.98272705078125,-0.01727294921875,No Change
932,50.36999893188477,49.43846893310547,-0.931529998779304,No Change
933,50.31999969482422,49.73986053466797,-0.58013916015625,No Change
934,49.88999938964844,49.53730010986328,-0.35269927978515625,No Change
935,49.72000122070313,49.9290657043457,0.20906448364257102,No Change
936,49.95000076293945,49.87453079223633,-0.075469970703125,No Change
937,48.81999969482422,49.39052963256836,0.5705299377441406,No Change
938,49.15999984741211,50.23659896850586,1.07659912109375,Gain
939,49.93999862670898,50.77175521850586,0.8317565917968821,No Change
940,51.43000030517578,50.69047927856445,-0.7395210266113281,No Change
941,51.18999862670898,50.0294303894043,-1.1605682373046804,Loss
942,51.77999877929688,49.95795440673828,-1.8220443725586009,Loss
943,52.2400016784668,49.760169982910156,-2.4798316955566406,Loss
944,51.0099983215332,49.47135543823242,-1.5386428833007812,Loss
945,51.68999862670898,49.672576904296875,-2.0174217224121023,Loss
946,51.36999893188477,49.24501419067383,-2.1249847412109446,Loss
947,52.66999816894531,49.529823303222656,-3.1401748657226562,Loss
948,53.36999893188477,49.31237030029297,-4.057628631591804,Loss
949,52.81999969482422,48.680259704589844,-4.139739990234375,Loss
950,53.88000106811523,48.98701858520508,-4.892982482910149,Loss
951,53.83000183105469,48.78571319580078,-5.044288635253906,Loss
952,53.54999923706055,48.94337463378906,-4.606624603271484,Loss
953,53.849998474121094,49.66859817504883,-4.181400299072266,Loss
954,54.15999984741211,49.52315902709961,-4.6368408203125,Loss
955,54.58000183105469,49.44819641113281,-5.131805419921875,Loss
956,53.43000030517578,49.937255859375,-3.4927444458007812,Loss
957,53.5,50.731868743896484,-2.7681312561035156,Loss
958,53.9000015258789,51.08965301513672,-2.8103485107421804,Loss
959,48.20000076293945,48.89419937133789,0.6941986083984375,No Change
960,46.72000122070313,47.262691497802734,0.5426902770996023,No Change
961,45.63999938964844,47.176429748535156,1.5364303588867188,Gain
962,44.25,46.15951919555664,1.9095191955566406,Gain
963,44.11000061035156,46.06855773925781,1.95855712890625,Gain
964,44.27999877929688,46.57741928100586,2.2974205017089773,Gain
965,44.459999084472656,48.5418586730957,4.081859588623047,Gain
966,44.849998474121094,49.38130187988281,4.531303405761719,Gain
967,45.70000076293945,49.40531539916992,3.7053146362304688,Gain
968,45.68000030517578,49.180789947509766,3.5007896423339844,Gain
969,45.38999938964844,49.13237762451172,3.7423782348632812,Gain
970,45.599998474121094,49.17215347290039,3.572154998779297,Gain
971,45.43999862670898,50.03803253173828,4.598033905029304,Gain
972,46.349998474121094,50.39459228515625,4.044593811035156,Gain
973,44.95000076293945,49.925697326660156,4.975696563720703,Gain
974,45.459999084472656,50.47322463989258,5.013225555419922,Gain
975,46.18999862670898,50.1926383972168,4.00263977050782,Gain
976,45.52999877929688,49.79499435424805,4.264995574951165,Gain
977,45.06000137329102,48.98508071899414,3.925079345703118,Gain
978,45.61999893188477,49.024208068847656,3.4042091369628835,Gain
979,45.38999938964844,48.918006896972656,3.5280075073242188,Gain
980,46.06000137329102,47.86377716064453,1.8037757873535085,Gain
981,47.0099983215332,48.377281188964844,1.3672828674316406,Gain
982,47.04999923706055,48.08852005004883,1.0385208129882812,Gain
983,47.45000076293945,47.822994232177734,0.37299346923828125,No Change
984,48.349998474121094,48.0825080871582,-0.2674903869628906,No Change
985,49.56000137329102,47.860198974609375,-1.6998023986816477,Loss
986,49.9000015258789,48.29729080200195,-1.602710723876946,Loss
987,50.9900016784668,48.39665603637695,-2.5933456420898438,Loss
988,51.9900016784668,48.144798278808594,-3.845203399658203,Loss
989,50.20000076293945,48.587860107421875,-1.6121406555175781,Loss
990,50.68999862670898,50.0713996887207,-0.6185989379882741,No Change
991,50.06999969482422,49.818092346191406,-0.2519073486328125,No Change
992,50.2599983215332,49.97686767578125,-0.2831306457519531,No Change
993,49.72999954223633,49.83251190185547,0.10251235961914062,No Change
994,50.47000122070313,50.04368209838867,-0.42631912231446023,No Change
995,50.66999816894531,50.201171875,-0.4688262939453125,No Change
996,51.11999893188477,49.836029052734375,-1.2839698791503977,Loss
997,50.6500015258789,49.55002212524414,-1.0999794006347585,Loss
998,47.459999084472656,48.33137512207031,0.8713760375976562,No Change
999,46.36000061035156,49.97353744506836,3.613536834716797,Gain
1000,46.16999816894531,49.627994537353516,3.457996368408203,Gain
1001,46.56999969482422,49.240516662597656,2.6705169677734375,Gain
1002,47.06999969482422,49.43949508666992,2.369495391845703,Gain
1003,47.06999969482422,49.85537338256836,2.7853736877441406,Gain
1004,49.38999938964844,51.52199935913086,2.131999969482422,Gain
1005,48.75,50.85860061645508,2.108600616455078,Gain
1006,49.81999969482422,50.76467514038086,0.9446754455566406,No Change
