Open,High,Low,Close,Adj Close,Volume
28.950000762939453,29.082500457763672,28.690000534057617,29.037500381469727,27.37236213684082,115127600
28.962499618530273,29.127500534057617,28.9375,29.0049991607666,27.341724395751953,84472400
28.979999542236328,29.21500015258789,28.952499389648438,29.15250015258789,27.480770111083984,88774400
29.19499969482422,29.540000915527344,29.11750030517578,29.477500915527344,27.78713035583496,127007600
29.487499237060547,29.857500076293945,29.485000610351562,29.747499465942383,28.04164695739746,134247600
29.6924991607666,29.844999313354492,29.575000762939453,29.77750015258789,28.06992530822754,97848400
29.684999465942383,29.982500076293945,29.649999618530273,29.9375,28.220748901367188,110354400
29.725000381469727,29.825000762939453,29.552499771118164,29.8125,28.10291862487793,108344800
29.77750015258789,29.905000686645508,29.702499389648438,29.760000228881836,28.053428649902344,104447600
29.584999084472656,30.059999465942383,29.55500030517578,30.0,28.279672622680664,137759200
30.0,30.125,29.927499771118164,29.997499465942383,28.277311325073242,94852000
29.850000381469727,30.022499084472656,29.842500686645508,29.94499969482422,28.227821350097656,102389200
30.112499237060547,30.112499237060547,29.9325008392334,30.0,28.279672622680664,130391600
30.0,30.202499389648438,29.9424991607666,30.020000457763672,28.298521041870117,88200800
29.887500762939453,30.024999618530273,29.875,29.99250030517578,28.27259635925293,92844000
30.104999542236328,30.524999618530273,30.06999969482422,30.469999313354492,28.722713470458984,129510400
30.417499542236328,30.610000610351562,30.399999618530273,30.485000610351562,28.736858367919922,105350400
30.53499984741211,30.587499618530273,30.399999618530273,30.487499237060547,28.73921012878418,82251600
30.232500076293945,30.407499313354492,30.165000915527344,30.407499313354492,28.663801193237305,121510000
30.287500381469727,30.34749984741211,30.155000686645508,30.337499618530273,28.597814559936523,196804000
31.75749969482422,32.622501373291016,31.752500534057617,32.1875,30.341724395751953,447940000
31.9950008392334,32.34749984741211,31.94499969482422,32.13249969482422,30.28988265991211,134841600
32.07749938964844,32.29750061035156,32.040000915527344,32.27000045776367,30.419498443603516,98029200
32.282501220703125,32.625,32.224998474121094,32.5724983215332,30.704648971557617,107383600
32.6349983215332,33.022499084472656,32.61249923706055,32.88249969482422,30.99687385559082,152735200
32.837501525878906,33.05500030517578,32.80500030517578,33.0099983215332,31.117055892944336,92016400
32.912498474121094,33.11249923706055,32.779998779296875,33.10499954223633,31.341915130615234,113399600
33.1150016784668,33.23500061035156,33.01250076293945,33.029998779296875,31.270904541015625,80262000
33.27000045776367,33.45500183105469,33.1875,33.3224983215332,31.547822952270508,92141600
33.36750030517578,33.772499084472656,33.3125,33.755001068115234,31.957304000854492,132904800
33.880001068115234,34.067501068115234,33.654998779296875,33.877498626708984,32.07326889038086,142492400
33.91749954223633,33.974998474121094,33.709999084472656,33.837501525878906,32.035400390625,90338400
33.775001525878906,33.95750045776367,33.775001525878906,33.93000030517578,32.12297439575195,88792800
34.057498931884766,34.1875,33.994998931884766,34.17499923706055,32.35492706298828,98028800
34.10749816894531,34.279998779296875,34.02750015258789,34.27750015258789,32.451969146728516,83347600
34.345001220703125,34.369998931884766,34.07500076293945,34.13249969482422,32.314697265625,83152800
33.977500915527344,34.165000915527344,33.81999969482422,34.165000915527344,32.345458984375,87106400
34.28499984741211,34.36000061035156,34.06999969482422,34.23249816894531,32.40935516357422,81029600
34.27000045776367,34.36000061035156,34.17499923706055,34.247501373291016,32.42356491088867,93931600
34.47249984741211,35.037498474121094,34.400001525878906,34.9474983215332,33.086280822753906,145658400
35.0,35.06999969482422,34.689998626708984,34.7400016784668,32.88984298706055,104844000
34.69499969482422,34.95750045776367,34.647499084472656,34.94499969482422,33.08391189575195,84432400
34.842498779296875,34.942501068115234,34.650001525878906,34.834999084472656,32.97977828979492,87000000
34.76499938964844,34.994998931884766,34.6974983215332,34.880001068115234,33.02238082885742,69785200
34.73749923706055,34.95000076293945,34.70500183105469,34.75,32.8993034362793,74828800
34.685001373291016,34.6974983215332,34.26250076293945,34.66999816894531,32.823570251464844,88623600
34.8125,34.84000015258789,34.65999984741211,34.78499984741211,32.932430267333984,78451200
34.712501525878906,34.85749816894531,34.70500183105469,34.79999923706055,32.9466438293457,69686800
34.82500076293945,34.912498474121094,34.709999084472656,34.747501373291016,32.896934509277344,61236400
34.852500915527344,35.1875,34.75749969482422,35.1150016784668,33.2448616027832,102767200
35.18000030517578,35.255001068115234,35.064998626708984,35.17250061035156,33.2993049621582,76928000
35.25,35.25,34.97249984741211,34.997501373291016,33.13362121582031,175540000
35.099998474121094,35.375,35.057498931884766,35.3650016784668,33.4815559387207,86168000
35.52750015258789,35.70000076293945,34.932498931884766,34.959999084472656,33.098114013671875,158119600
34.962501525878906,35.400001525878906,34.939998626708984,35.35499954223633,33.472084045410156,103440800
35.314998626708984,35.39500045776367,35.15250015258789,35.22999954223633,33.353736877441406,81385200
35.375,35.435001373291016,35.087501525878906,35.15999984741211,33.28746795654297,89582400
34.84749984741211,35.30500030517578,34.654998779296875,35.220001220703125,33.344276428222656,94300400
35.227500915527344,36.0099983215332,35.154998779296875,35.95000076293945,34.035400390625,133499200
35.91999816894531,36.122501373291016,35.79750061035156,36.029998779296875,34.11112594604492,116760000
36.04750061035156,36.125,35.875,35.98249816894531,34.066158294677734,84829200
35.93000030517578,36.067501068115234,35.752498626708984,35.915000915527344,34.002254486083984,78646800
35.9275016784668,36.029998779296875,35.76250076293945,35.92499923706055,34.011722564697266,79942800
35.8125,36.22249984741211,35.79249954223633,36.192501068115234,34.26498794555664,79565600
36.05500030517578,36.3650016784668,35.95249938964844,36.005001068115234,34.08746337890625,110871600
36.0724983215332,36.130001068115234,35.86249923706055,35.915000915527344,34.002254486083984,84596000
35.932498931884766,36.04499816894531,35.817501068115234,35.834999084472656,33.9265251159668,66688800
35.900001525878906,35.970001220703125,35.724998474121094,35.79249954223633,33.88628005981445,75733600
35.73500061035156,35.837501525878906,35.01499938964844,35.407501220703125,33.521793365478516,121517600
35.400001525878906,35.537498474121094,35.252498626708984,35.45000076293945,33.56202697753906,81400000
35.477500915527344,35.595001220703125,35.26250076293945,35.26250076293945,33.38451385498047,71291600
35.369998931884766,35.470001220703125,35.217498779296875,35.45750045776367,33.569122314453125,66328400
35.352500915527344,35.5099983215332,35.27750015258789,35.29999923706055,33.42000961303711,58790000
35.470001220703125,35.5,35.11249923706055,35.16999816894531,33.29692840576172,69313600
35.30500030517578,35.72999954223633,35.290000915527344,35.61000061035156,33.713504791259766,93278400
35.61000061035156,35.66999816894531,35.462501525878906,35.567501068115234,33.67326736450195,69283600
35.875,35.98749923706055,35.79499816894531,35.90999984741211,33.997528076171875,68537200
35.977500915527344,36.224998474121094,35.967498779296875,36.13249969482422,34.20817565917969,75486000
36.11750030517578,36.150001525878906,35.845001220703125,35.91999816894531,34.006988525390625,80164800
35.97999954223633,36.040000915527344,35.82749938964844,35.9474983215332,34.033023834228516,56985200
36.022499084472656,36.07500076293945,35.817501068115234,35.912498474121094,33.99989318847656,83441600
36.275001525878906,36.79999923706055,36.2400016784668,36.64500045776367,34.693382263183594,134411600
36.8849983215332,37.022499084472656,36.709999084472656,36.877498626708984,34.91349411010742,181408800
36.397499084472656,36.872501373291016,36.067501068115234,36.76499938964844,34.806983947753906,182788000
36.630001068115234,36.78499984741211,36.45249938964844,36.63249969482422,34.681556701660156,93487600
36.689998626708984,37.244998931884766,36.689998626708984,37.2400016784668,35.25668716430664,109310800
37.25749969482422,38.42499923706055,37.25749969482422,38.252498626708984,36.21527099609375,195009600
38.467498779296875,38.720001220703125,38.36249923706055,38.497501373291016,36.44722366333008,156521600
38.407501220703125,38.48500061035156,38.02750015258789,38.314998626708984,36.27444076538086,103222800
38.11249923706055,38.51750183105469,38.07749938964844,38.48749923706055,36.58815002441406,109020400
38.67499923706055,39.10499954223633,38.66749954223633,39.025001525878906,37.099124908447266,130108000
39.002498626708984,39.162498474121094,38.76250076293945,38.92499923706055,37.00405502319336,104038800
38.98500061035156,39.01499938964844,38.68000030517578,38.86750030517578,36.94940948486328,80194000
38.400001525878906,38.64250183105469,37.4275016784668,37.5625,35.70880889892578,203070800
37.817501068115234,38.334999084472656,37.782501220703125,38.1349983215332,36.2530517578125,134272800
38.345001220703125,38.494998931884766,38.157501220703125,38.26499938964844,36.37663269042969,107843200
38.5,38.64500045776367,38.227500915527344,38.497501373291016,36.5976676940918,91865600
38.724998474121094,38.724998474121094,38.32749938964844,38.45000076293945,36.55250930786133,79675600
38.459999084472656,38.54249954223633,38.16749954223633,38.334999084472656,36.44317626953125,76712000
38.432498931884766,38.587501525878906,38.25749969482422,38.467498779296875,36.56914138793945,76942400
38.5,38.560001373291016,38.32749938964844,38.40250015258789,36.50735092163086,87710400
38.35499954223633,38.60749816894531,38.33250045776367,38.41749954223633,36.521610260009766,80507600
38.49250030517578,38.54249954223633,38.095001220703125,38.189998626708984,36.305335998535156,97804800
38.29249954223633,38.33250045776367,38.05500030517578,38.29499816894531,36.405155181884766,65616400
38.39500045776367,38.86249923706055,38.22249984741211,38.86249923706055,36.944644927978516,111082800
38.584999084472656,38.61249923706055,38.3650016784668,38.48249816894531,36.58340072631836,101326800
38.474998474121094,38.95249938964844,38.44499969482422,38.61249923706055,36.70698547363281,106499600
38.755001068115234,38.994998931884766,38.619998931884766,38.842498779296875,36.925636291503906,84278400
38.8125,38.8849983215332,38.599998474121094,38.747501373291016,36.83531951904297,85003200
38.79750061035156,38.79750061035156,36.505001068115234,37.244998931884766,35.40696716308594,259530800
36.435001373291016,36.522499084472656,35.627498626708984,36.35499954223633,34.56089401245117,289229200
36.790000915527344,36.86249923706055,36.287498474121094,36.647499084472656,34.83895492553711,136661600
36.875,36.875,35.959999084472656,36.290000915527344,34.49909973144531,126124800
35.83000183105469,36.119998931884766,35.5525016784668,36.0724983215332,34.292327880859375,128661600
35.94499969482422,36.125,35.54999923706055,35.567501068115234,33.81226348876953,201444400
35.915000915527344,36.685001373291016,35.915000915527344,36.584999084472656,34.779541015625,130165600
36.717498779296875,36.717498779296875,36.23500061035156,36.252498626708984,34.46345520019531,99600400
36.380001068115234,36.51750183105469,36.15250015258789,36.467498779296875,34.66783905029297,85063200
36.442501068115234,36.67499923706055,36.279998779296875,36.407501220703125,34.61080551147461,76425200
36.282501220703125,36.790000915527344,36.27750015258789,36.56999969482422,34.76527404785156,141757600
36.79249954223633,37.06999969482422,36.345001220703125,36.45500183105469,34.65596389770508,102769600
36.252498626708984,36.540000915527344,35.904998779296875,35.932498931884766,34.15924072265625,99047600
36.122501373291016,36.52750015258789,35.790000915527344,36.45750045776367,34.65833282470703,88329600
36.1775016784668,36.282501220703125,35.56999969482422,35.91999816894531,34.14735412597656,125997600
36.11249923706055,36.2400016784668,35.94499969482422,36.005001068115234,34.22816467285156,92096400
36.220001220703125,36.32500076293945,35.775001525878906,35.875,34.10457992553711,57111200
35.92250061035156,36.1974983215332,35.68000030517578,36.022499084472656,34.24480438232422,86278400
35.755001068115234,35.875,35.602500915527344,35.682498931884766,33.92158508300781,96515200
35.724998474121094,36.1875,35.724998474121094,36.04499816894531,34.26618194580078,76806800
36.02750015258789,36.48749923706055,35.842498779296875,36.26499938964844,34.4753303527832,84362400
36.182498931884766,36.462501525878906,36.095001220703125,36.38249969482422,34.587039947509766,79127200
36.467498779296875,36.54499816894531,36.20500183105469,36.435001373291016,34.63694381713867,99538000
36.375,37.122501373291016,36.36000061035156,36.942501068115234,35.11941146850586,100797600
36.99250030517578,37.33250045776367,36.83250045776367,37.2599983215332,35.42123031616211,80528400
37.20500183105469,37.724998474121094,37.14250183105469,37.38999938964844,35.5448112487793,95174000
37.29999923706055,37.532501220703125,37.16749954223633,37.52000045776367,35.66840362548828,71475200
37.619998931884766,37.85499954223633,37.48749923706055,37.755001068115234,35.89179992675781,83692000
37.875,37.935001373291016,37.54750061035156,37.584999084472656,35.730194091796875,68974800
37.497501373291016,37.61000061035156,37.220001220703125,37.567501068115234,35.71355438232422,105010400
37.64500045776367,38.11000061035156,37.474998474121094,38.022499084472656,36.14610290527344,85972800
37.95000076293945,38.459999084472656,37.95000076293945,38.185001373291016,36.30058288574219,75415600
38.337501525878906,38.48249816894531,38.26499938964844,38.3650016784668,36.47169876098633,63124000
38.4375,38.497501373291016,36.82500076293945,37.63999938964844,35.78247833251953,129905200
37.47249984741211,37.557498931884766,37.29750061035156,37.375,35.53055953979492,68854800
37.474998474121094,37.58250045776367,37.032501220703125,37.182498931884766,35.347557067871094,79383600
37.275001525878906,37.55500030517578,37.102500915527344,37.51250076293945,35.66127395629883,141474400
39.81999969482422,39.9375,39.040000915527344,39.28499984741211,37.34629440307617,279747200
39.26250076293945,39.3025016784668,38.755001068115234,38.89250183105469,36.97316360473633,108389200
39.01750183105469,39.349998474121094,38.92250061035156,39.09749984741211,37.168052673339844,82239600
39.26499938964844,39.72999954223633,39.16749954223633,39.70249938964844,37.74319076538086,87481200
39.650001525878906,40.45750045776367,39.567501068115234,40.02000045776367,38.04502868652344,144823600
39.814998626708984,40.317501068115234,39.77750015258789,40.26499938964844,38.277931213378906,104526000
39.974998474121094,40.0,38.657501220703125,38.83000183105469,37.058712005615234,163217200
39.150001525878906,39.64250183105469,39.01750183105469,39.369998931884766,37.5740852355957,105028400
39.83000183105469,40.0525016784668,39.6875,39.962501525878906,38.13955307006836,88490800
40.165000915527344,40.54999923706055,40.03499984741211,40.400001525878906,38.557090759277344,117862000
40.48500061035156,40.627498626708984,40.037498474121094,40.23749923706055,38.40200424194336,110686400
40.130001068115234,40.1775016784668,39.459999084472656,39.46500015258789,37.66474533081055,111762400
39.46500015258789,39.875,39.18000030517578,39.375,37.5788459777832,109712400
39.375,39.47249984741211,38.77750015258789,39.3025016784668,37.509666442871094,105474000
39.557498931884766,40.0,39.505001068115234,39.94499969482422,38.12285232543945,86418400
39.76750183105469,40.11750030517578,39.720001220703125,39.994998931884766,38.17056655883789,77596400
40.10749816894531,40.185001373291016,39.63750076293945,39.817501068115234,38.00117111206055,79275600
39.912498474121094,40.13999938964844,39.817501068115234,39.96500015258789,38.141937255859375,101920400
40.03499984741211,40.5,39.98249816894531,40.36750030517578,38.52607345581055,103864000
40.025001525878906,40.779998779296875,40.0,40.727500915527344,38.869651794433594,118067600
40.95000076293945,40.97249984741211,40.65250015258789,40.837501525878906,38.974639892578125,109078400
40.90999984741211,41.130001068115234,40.869998931884766,41.0,39.129722595214844,107140400
41.20000076293945,41.23500061035156,40.907501220703125,41.01250076293945,39.14165496826172,66364400
40.9375,41.0625,40.13999938964844,40.52000045776367,38.6716194152832,117874000
40.6775016784668,40.747501373291016,40.130001068115234,40.477500915527344,38.63105010986328,86606800
40.522499084472656,40.560001373291016,40.09000015258789,40.314998626708984,38.47597122192383,87714000
40.21500015258789,40.287498474121094,39.63249969482422,39.657501220703125,37.84846496582031,114446000
40.125,40.51250076293945,39.97249984741211,40.375,38.533233642578125,126323200
40.65250015258789,40.9900016784668,39.692501068115234,40.21500015258789,38.38053512573242,286856000
39.967498779296875,39.9900016784668,39.477500915527344,39.912498474121094,38.09183120727539,179629600
39.747501373291016,39.849998474121094,39.522499084472656,39.56999969482422,37.76495361328125,95042800
39.61750030517578,40.24250030517578,39.5,39.970001220703125,38.14671325683594,196458400
40.02750015258789,40.125,39.5,39.66749954223633,37.858009338378906,113077600
39.877498626708984,39.942501068115234,39.61000061035156,39.682498931884766,37.872318267822266,83242400
39.474998474121094,39.564998626708984,38.45750045776367,39.01750183105469,37.23765563964844,211805600
38.95000076293945,38.95000076293945,38.1875,38.34749984741211,36.59821319580078,150046800
37.8849983215332,38.067501068115234,37.63999938964844,37.97249984741211,36.240325927734375,186581600
37.497501373291016,37.95750045776367,37.290000915527344,37.63750076293945,35.92060470581055,177549200
37.94499969482422,38.47999954223633,37.92250061035156,38.28499984741211,36.53857421875,146640000
38.45000076293945,38.68000030517578,38.3849983215332,38.557498931884766,36.798648834228516,102016800
38.47249984741211,38.56999969482422,38.17499923706055,38.31999969482422,36.57197952270508,88022000
38.3025016784668,38.532501220703125,38.0,38.529998779296875,36.77239227294922,105199200
38.564998626708984,38.61249923706055,38.18000030517578,38.45249938964844,36.698429107666016,74795200
38.502498626708984,38.772499084472656,38.477500915527344,38.619998931884766,36.85829544067383,64921200
38.407501220703125,38.46500015258789,38.1150016784668,38.369998931884766,36.61970138549805,80655200
38.54499816894531,38.86000061035156,38.51250076293945,38.84749984741211,37.07542037963867,85135200
38.74250030517578,38.872501373291016,38.63999938964844,38.82500076293945,37.053932189941406,69630400
38.95249938964844,39.182498931884766,38.872501373291016,38.959999084472656,37.182777404785156,65051600
39.01499938964844,39.5,38.775001525878906,38.974998474121094,37.197086334228516,62468000
38.99250030517578,39.244998931884766,38.9375,39.13750076293945,37.3521842956543,67622400
39.087501525878906,39.342498779296875,38.932498931884766,39.0,37.2209587097168,64500400
39.182498931884766,39.31999969482422,39.102500915527344,39.247501373291016,37.45716857910156,65576800
39.474998474121094,40.0,39.412498474121094,39.970001220703125,38.14671325683594,96486000
39.94499969482422,40.217498779296875,39.807498931884766,40.11750030517578,38.28748321533203,75989200
40.10499954223633,40.1775016784668,39.900001525878906,39.939998626708984,38.118080139160156,65496800
39.1875,39.27000045776367,38.755001068115234,38.994998931884766,37.2161865234375,170336800
39.15250015258789,39.4375,38.9900016784668,39.0625,37.28060531616211,95896400
39.22249984741211,39.42250061035156,38.875,39.04249954223633,37.261512756347656,87937200
39.0724983215332,39.35499954223633,39.04999923706055,39.275001525878906,37.4834098815918,71028800
39.227500915527344,39.38750076293945,38.817501068115234,39.102500915527344,37.31877899169922,84828400
39.307498931884766,39.45750045776367,39.19499969482422,39.352500915527344,37.557373046875,68002000
39.8224983215332,40.900001525878906,39.67499923706055,40.76250076293945,38.90305709838867,177816800
40.97249984741211,42.01750183105469,40.93000030517578,41.68000030517578,39.778709411621094,178803200
41.974998474121094,42.412498474121094,41.73500061035156,42.2599983215332,40.33224868774414,144187200
42.467498779296875,42.48500061035156,41.40250015258789,41.72249984741211,39.81925964355469,134551200
41.650001525878906,42.125,41.31999969482422,42.02750015258789,40.1103515625,165573600
43.5,43.564998626708984,42.779998779296875,43.125,41.15779113769531,237594400
43.092498779296875,43.747501373291016,42.93000030517578,43.5625,41.5753288269043,140105200
43.477500915527344,43.8125,43.400001525878906,43.70249938964844,41.708946228027344,97446000
43.665000915527344,44.060001373291016,43.58250045776367,44.060001373291016,42.050132751464844,97638000
43.77750015258789,44.025001525878906,43.28499984741211,43.970001220703125,41.9642448425293,117930400
43.77750015258789,43.845001220703125,43.567501068115234,43.66749954223633,41.82535934448242,100582000
43.375,43.625,43.349998474121094,43.49250030517578,41.65774154663086,67928400
43.2599983215332,43.369998931884766,42.79499816894531,42.834999084472656,41.027976989746094,99130000
42.49250030517578,42.58000183105469,42.095001220703125,42.27000045776367,40.48681640625,116632400
42.79499816894531,42.967498779296875,42.57500076293945,42.775001525878906,40.97050857543945,94550000
42.7599983215332,42.84749984741211,42.40999984741211,42.537498474121094,40.74303436279297,87598000
42.5724983215332,42.63999938964844,42.38999938964844,42.494998931884766,40.702327728271484,65049600
42.69499969482422,43.42499923706055,42.69499969482422,43.28499984741211,41.45899963378906,100525200
43.34000015258789,43.75,43.26250076293945,43.7400016784668,41.894805908203125,102355600
43.775001525878906,43.875,43.662498474121094,43.74250030517578,41.89720153808594,56106800
43.76250076293945,43.77000045776367,43.334999084472656,43.522499084472656,41.68647766113281,82867200
43.57500076293945,43.717498779296875,42.96500015258789,43.26750183105469,41.44224166870117,105715200
43.157501220703125,43.22999954223633,41.790000915527344,42.369998931884766,40.58259963989258,166665600
42.60749816894531,43.03499984741211,42.11000061035156,42.962501525878906,41.15010070800781,166108800
42.48749923706055,42.91749954223633,42.125,42.76250076293945,40.95854187011719,159037200
43.119998931884766,43.154998779296875,42.407501220703125,42.45000076293945,40.65922164916992,130169600
42.26499938964844,42.880001068115234,42.099998474121094,42.40999984741211,40.620906829833984,109400800
41.875,42.54999923706055,41.6150016784668,42.252498626708984,40.47004699707031,114240000
42.25749969482422,42.61000061035156,42.227500915527344,42.33000183105469,40.544288635253906,102693200
42.622501373291016,42.75,42.20500183105469,42.342498779296875,40.55625534057617,93420800
42.29999923706055,43.22249984741211,42.1974983215332,43.16749954223633,41.34645462036133,141095200
43.037498474121094,43.09749984741211,42.8650016784668,42.92499923706055,41.11417770385742,77636800
43.125,43.3849983215332,43.0,43.067501068115234,41.25067138671875,95273600
43.099998474121094,43.282501220703125,42.912498474121094,43.05500030517578,41.23870086669922,81906000
43.407501220703125,43.54249954223633,43.1150016784668,43.49250030517578,41.65774154663086,160677200
43.720001220703125,44.29999923706055,43.71500015258789,44.10499954223633,42.244407653808594,117684400
43.75749969482422,43.84749984741211,43.522499084472656,43.6349983215332,41.79423522949219,109745600
43.717498779296875,43.85499954223633,43.3125,43.587501525878906,41.74873733520508,93902400
43.54249954223633,44.005001068115234,43.525001525878906,43.752498626708984,41.90677261352539,83799600
43.66999816894531,43.85499954223633,43.625,43.752498626708984,41.90677261352539,65397600
42.70000076293945,42.86750030517578,42.41999816894531,42.64250183105469,40.843605041503906,132742000
42.525001525878906,42.69499969482422,42.4275016784668,42.650001525878906,40.85078811645508,85992800
42.75,42.962501525878906,42.619998931884766,42.77000045776367,40.96572494506836,65920800
42.630001068115234,42.647499084472656,42.30500030517578,42.307498931884766,40.52273178100586,103999600
42.540000915527344,43.07500076293945,42.314998626708984,43.064998626708984,41.24827194213867,102223600
43.13249969482422,43.63750076293945,42.9900016784668,43.057498931884766,41.2410888671875,118071600
43.1349983215332,43.36750030517578,43.02000045776367,43.25749969482422,41.43265914916992,89738400
43.36000061035156,43.842498779296875,43.26250076293945,43.75,41.90438461303711,94640000
43.587501525878906,43.90250015258789,43.48249816894531,43.587501525878906,41.74873733520508,82271200
43.63750076293945,43.76499938964844,43.352500915527344,43.58250045776367,41.74394989013672,86336000
43.290000915527344,43.57500076293945,43.25,43.5724983215332,41.73435974121094,95839600
43.647499084472656,43.872501373291016,43.622501373291016,43.81999969482422,41.97142028808594,74670800
44.04499816894531,44.34000015258789,43.912498474121094,44.272499084472656,42.40483474731445,101672400
44.474998474121094,44.84749984741211,44.03499984741211,44.04750061035156,42.1893310546875,118263600
44.037498474121094,44.8125,43.76750183105469,44.775001525878906,42.88614273071289,137547200
44.842498779296875,45.025001525878906,44.5625,44.814998626708984,42.92445755004883,124773600
44.65250015258789,44.89500045776367,44.352500915527344,44.6150016784668,42.732887268066406,129700400
44.32500076293945,44.44499969482422,44.150001525878906,44.25,42.38329315185547,108434400
44.32500076293945,44.86000061035156,44.20500183105469,44.2599983215332,42.39286422729492,130756400
44.3125,44.32500076293945,43.29999923706055,43.55500030517578,41.71760177612305,204420400
43.627498626708984,43.73749923706055,42.63249969482422,42.77750015258789,40.972904205322266,166116000
43.0,43.0,42.51499938964844,42.877498626708984,41.068687438964844,156572000
42.540000915527344,42.540000915527344,41.76750183105469,41.9900016784668,40.218624114990234,202561600
41.38249969482422,41.842498779296875,41.17499923706055,41.74250030517578,39.981571197509766,184192800
41.717498779296875,42.11000061035156,41.625,41.85749816894531,40.09171676635742,129915600
41.79249954223633,42.154998779296875,41.689998626708984,41.94499969482422,40.17552947998047,188923200
41.5,41.70000076293945,40.025001525878906,40.125,38.43230438232422,346375200
39.775001525878906,40.970001220703125,39.0,39.122501373291016,37.47209548950195,290954000
38.70750045776367,40.93000030517578,38.5,40.75749969482422,39.03812026977539,272975200
40.772499084472656,40.849998474121094,39.76750183105469,39.8849983215332,38.202430725097656,206434400
40.0724983215332,40.25,38.75749969482422,38.787498474121094,37.15122604370117,217562000
39.26750183105469,39.47249984741211,37.560001373291016,39.102500915527344,37.60563659667969,282690400
39.625,40.97249984741211,39.377498626708984,40.6775016784668,39.12034606933594,243278000
40.48749923706055,41.1875,40.412498474121094,41.084999084472656,39.512245178222656,130196800
40.7599983215332,41.8849983215332,40.720001220703125,41.842498779296875,40.24074935913086,162579600
42.4474983215332,43.272499084472656,42.25,43.247501373291016,41.59196472167969,204588800
43.09000015258789,43.70500183105469,42.942501068115234,43.10749816894531,41.45732116699219,160704400
43.01250076293945,43.564998626708984,42.85499954223633,42.962501525878906,41.317874908447266,135722000
43.20750045776367,43.529998779296875,42.752498626708984,42.76750183105469,41.13034439086914,149886400
42.95000076293945,43.48749923706055,42.9275016784668,43.125,41.47415542602539,123967600
43.41749954223633,43.912498474121094,43.3849983215332,43.875,42.19544982910156,135249600
44.087501525878906,44.84749984741211,44.0525016784668,44.74250030517578,43.02973556518555,152648800
44.775001525878906,45.119998931884766,44.540000915527344,44.59749984741211,42.89029312133789,155712400
44.814998626708984,45.154998779296875,44.51250076293945,44.529998779296875,42.82536697387695,151128400
44.6349983215332,44.94499969482422,43.165000915527344,43.75,42.075233459472656,195208000
43.20000076293945,44.07500076293945,43.11249923706055,44.0525016784668,42.36614990234375,153816000
43.8025016784668,44.435001373291016,43.630001068115234,44.20500183105469,42.51280975341797,113605600
44.477500915527344,44.5625,44.032501220703125,44.16749954223633,42.47675704956055,95154000
43.73500061035156,43.962501525878906,43.567501068115234,43.75749969482422,42.08243942260742,126814000
43.869998931884766,44.279998779296875,43.76750183105469,44.23500061035156,42.541664123535156,95096400
44.4900016784668,45.0,44.34749984741211,44.994998931884766,43.27256774902344,128740800
45.0724983215332,45.59749984741211,45.0525016784668,45.43000030517578,43.690914154052734,128828400
45.647499084472656,45.875,44.810001373291016,44.99250030517578,43.27016067504883,126774000
45.08000183105469,45.130001068115234,44.45249938964844,44.61000061035156,42.902305603027344,117473600
44.625,45.060001373291016,44.51750183105469,44.662498474121094,42.952796936035156,90975200
44.662498474121094,44.779998779296875,44.404998779296875,44.505001068115234,42.801326751708984,157618800
44.33000183105469,44.36750030517578,43.415000915527344,43.82500076293945,42.14735412597656,133787200
43.810001373291016,44.20000076293945,43.73500061035156,43.810001373291016,42.1329345703125,78597600
43.7599983215332,43.772499084472656,42.814998626708984,42.817501068115234,41.17842483520508,148219600
42.5,43.16999816894531,42.150001525878906,42.212501525878906,40.596588134765625,165963200
42.09749984741211,42.47999954223633,41.23500061035156,41.23500061035156,39.65650177001953,164115200
42.01750183105469,43.275001525878906,41.61000061035156,43.192501068115234,41.5390739440918,150164800
43.41999816894531,43.787498474121094,41.72999954223633,42.084999084472656,40.47396469116211,163690400
41.8125,42.505001068115234,41.29750061035156,41.619998931884766,40.02676010131836,166674000
41.95249938964844,42.9375,41.724998474121094,41.94499969482422,40.33932876586914,153594000
41.65999984741211,42.23500061035156,41.11750030517578,41.66999816894531,40.07485580444336,150347200
41.90999984741211,42.1875,41.220001220703125,42.09749984741211,40.485984802246094,121112000
41.220001220703125,43.002498626708984,41.192501068115234,42.90250015258789,41.260169982910156,138422000
43.14500045776367,43.557498931884766,43.02000045776367,43.20000076293945,41.54627990722656,107732800
42.74250030517578,43.119998931884766,42.04999923706055,42.095001220703125,40.48358917236328,140021200
42.470001220703125,43.272499084472656,42.462501525878906,42.51250076293945,40.885101318359375,116070800
43.25,43.5,42.88249969482422,43.3125,41.65447998046875,113634400
43.057498931884766,43.47999954223633,42.92499923706055,43.11000061035156,41.45972442626953,89726400
43.352500915527344,43.75,43.2599983215332,43.53499984741211,41.868465423583984,91557200
43.69499969482422,43.959999084472656,43.462501525878906,43.682498931884766,42.01031494140625,100497200
43.75749969482422,44.04750061035156,43.70750045776367,43.95500183105469,42.27238464355469,86313600
44.122501373291016,44.73500061035156,44.102500915527344,44.560001373291016,42.854217529296875,106421600
44.45249938964844,44.70500183105469,44.220001220703125,44.459999084472656,42.7580451965332,83018000
43.439998626708984,43.84749984741211,43.165000915527344,43.20000076293945,41.54627990722656,139235200
42.650001525878906,42.80500030517578,41.35749816894531,41.43000030517578,39.84404373168945,261964400
41.70750045776367,41.72999954223633,41.022499084472656,41.310001373291016,39.728633880615234,146062000
41.41749954223633,41.58250045776367,40.30500030517578,40.73500061035156,39.17565155029297,134768000
40.654998779296875,41.35499954223633,40.602500915527344,40.912498474121094,39.346343994140625,113528400
41.029998779296875,41.432498931884766,40.842498779296875,41.05500030517578,39.4833984375,111852000
41.0,41.08250045776367,40.157501220703125,40.58000183105469,39.02658462524414,142623200
40.532501220703125,41.814998626708984,40.459999084472656,41.314998626708984,39.73344039916992,169709600
41.602500915527344,42.29999923706055,41.317501068115234,42.275001525878906,40.656700134277344,214277600
43.807498931884766,44.4375,43.45000076293945,44.14250183105469,42.45270919799805,266157600
43.970001220703125,44.375,43.61000061035156,44.22249984741211,42.52963638305664,136272800
44.5625,46.0625,44.54249954223633,45.95750045776367,44.198219299316406,224805200
46.29499816894531,46.91749954223633,46.1875,46.290000915527344,44.51799774169922,169805600
46.247501373291016,46.55500030517578,45.91749954223633,46.51250076293945,44.73198699951172,113611200
46.63750076293945,46.849998474121094,46.30500030517578,46.84000015258789,45.04694366455078,92844800
46.935001373291016,47.592498779296875,46.912498474121094,47.5099983215332,45.69129180908203,111957200
47.372501373291016,47.51499938964844,46.86249923706055,47.147499084472656,45.51751708984375,104848800
47.252498626708984,47.38249969482422,46.96500015258789,47.037498474121094,45.411319732666016,83115200
46.69499969482422,46.76750183105469,46.275001525878906,46.61000061035156,44.998600006103516,94780800
46.51750183105469,47.1150016784668,46.5,47.04499816894531,45.41856002807617,76732400
47.0,47.227500915527344,46.59000015258789,46.747501373291016,45.13134765625,69176000
46.79750061035156,46.95249938964844,46.532501220703125,46.57749938964844,44.96722412109375,73190800
47.0,47.317501068115234,46.727500915527344,46.907501220703125,45.28582000732422,73603200
47.095001220703125,47.220001220703125,46.69499969482422,46.790000915527344,45.17238235473633,60962800
46.587501525878906,47.125,46.439998626708984,47.09000015258789,45.46200942993164,80233600
47.192501068115234,47.209999084472656,46.5525016784668,47.037498474121094,45.411319732666016,92936000
47.057498931884766,47.412498474121094,46.912498474121094,47.14500045776367,45.515106201171875,69844000
46.900001525878906,47.1875,46.717498779296875,46.974998474121094,45.35097885131836,90056400
46.93000030517578,47.0,46.69499969482422,46.875,45.254432678222656,74762000
46.80500030517578,47.057498931884766,46.53499984741211,46.717498779296875,45.102378845214844,109931200
46.997501373291016,47.564998626708984,46.9375,47.560001373291016,45.91576385498047,93770000
47.90999984741211,48.35499954223633,47.837501525878906,47.95750045776367,46.29951477050781,105064800
48.26750183105469,48.48500061035156,48.09000015258789,48.32749938964844,46.65671920776367,86264000
48.407501220703125,48.52000045776367,47.97999954223633,48.494998931884766,46.81842803955078,83734400
48.53499984741211,48.54999923706055,48.084999084472656,48.3650016784668,46.69292068481445,85388800
47.79249954223633,48.0,47.442501068115234,47.92499923706055,46.26813888549805,106627200
47.837501525878906,47.99250030517578,47.5525016784668,47.807498931884766,46.154701232910156,73234000
47.84749984741211,48.15250015258789,47.787498474121094,48.06999969482422,46.408119201660156,67644400
48.10499954223633,48.220001220703125,47.61000061035156,47.67499923706055,46.02677536010742,86553600
47.88750076293945,47.89250183105469,47.55500030517578,47.70000076293945,46.05091094970703,86440400
47.50749969482422,47.540000915527344,47.064998626708984,47.209999084472656,45.57785415649414,246876800
46.970001220703125,47.30500030517578,46.79999923706055,47.185001373291016,45.5537109375,73939600
46.28499984741211,46.58250045776367,45.86249923706055,46.42250061035156,44.81758117675781,134314000
46.587501525878906,46.79999923706055,46.432498931884766,46.625,45.013084411621094,82514800
46.8125,47.087501525878906,46.23500061035156,46.3650016784668,44.7620735168457,102847600
46.529998779296875,46.537498474121094,46.17499923706055,46.22999954223633,44.631736755371094,108801600
45.849998474121094,46.22999954223633,45.182498931884766,45.54249954223633,43.9680061340332,126652400
45.747501373291016,46.63249969482422,45.6349983215332,46.10749816894531,44.51346969604492,98276800
46.307498931884766,46.81999969482422,46.00749969482422,46.040000915527344,44.448299407958984,101141200
46.025001525878906,46.5525016784668,45.95000076293945,46.375,44.771724700927734,69460800
46.5724983215332,46.79750061035156,45.727500915527344,46.27750015258789,44.67759704589844,90950800
45.95500183105469,46.82500076293945,45.85499954223633,46.79499816894531,45.177207946777344,70925200
46.9474983215332,46.98749923706055,45.8849983215332,45.97999954223633,44.390380859375,55819200
46.314998626708984,46.602500915527344,46.06999969482422,46.349998474121094,44.74758529663086,66416800
46.35499954223633,47.10749816894531,46.29999923706055,46.99250030517578,45.36787796020508,69940800
47.375,47.66999816894531,47.32500076293945,47.64500045776367,45.9978141784668,79026400
47.6775016784668,47.81999969482422,47.54499816894531,47.587501525878906,45.94231033325195,63756400
47.125,47.44499969482422,46.90250015258789,46.970001220703125,45.34614944458008,75326000
47.38249969482422,47.852500915527344,47.32749938964844,47.75749969482422,46.10642623901367,72164400
47.77000045776367,47.959999084472656,47.724998474121094,47.83250045776367,46.17884063720703,50055600
47.880001068115234,48.162498474121094,47.60499954223633,47.727500915527344,46.07746887207031,60172400
47.4375,47.967498779296875,47.29999923706055,47.86249923706055,46.207801818847656,62138000
47.94499969482422,47.95000076293945,47.48249816894531,47.599998474121094,45.954376220703125,65573600
47.42250061035156,48.13750076293945,47.42250061035156,47.970001220703125,46.31158447265625,81147200
47.94499969482422,48.10749816894531,47.54249954223633,47.86000061035156,46.20538330078125,82704800
47.66999816894531,47.9900016784668,47.38999938964844,47.90250015258789,46.24641036987305,63957600
48.11249923706055,48.415000915527344,48.01250076293945,48.25,46.58189392089844,74791600
48.26499938964844,48.712501525878906,48.10749816894531,48.70500183105469,47.02116394042969,66839600
48.65250015258789,48.9900016784668,48.40250015258789,48.5525016784668,46.87393569946289,76304000
48.747501373291016,48.79750061035156,47.525001525878906,47.744998931884766,46.094356536865234,96096000
47.974998474121094,48.04999923706055,47.26750183105469,47.477500915527344,45.83610534667969,84118000
47.57500076293945,48.03499984741211,47.334999084472656,47.5724983215332,45.927818298339844,157492000
49.782501220703125,50.439998626708984,49.32749938964844,50.375,48.6334342956543,271742800
50.14500045776367,52.095001220703125,50.087501525878906,51.84749984741211,50.05502700805664,249616000
51.75749969482422,52.185001373291016,51.369998931884766,51.997501373291016,50.1998405456543,133789600
52.0,52.3125,51.76750183105469,52.26750183105469,50.46051025390625,101701600
52.33000183105469,52.375,51.689998626708984,51.77750015258789,49.987449645996094,102349600
51.51250076293945,51.95249938964844,51.130001068115234,51.8125,50.021240234375,90102000
52.38249969482422,52.44499969482422,51.79999923706055,52.220001220703125,50.414649963378906,93970400
51.84000015258789,52.275001525878906,51.66749954223633,51.88249969482422,50.26448059082031,98444800
52.32749938964844,52.73749923706055,51.92499923706055,52.217498779296875,50.58903121948242,103563600
52.540000915527344,52.63999938964844,52.064998626708984,52.4375,50.802181243896484,82992000
52.30500030517578,52.685001373291016,52.08250045776367,52.560001373291016,50.92085647583008,115230400
52.9375,53.45249938964844,52.86750030517578,53.33000183105469,51.66684341430664,114001600
53.36000061035156,54.48749923706055,53.290000915527344,54.39500045776367,52.698631286621094,141708000
54.525001525878906,54.79499816894531,53.77750015258789,53.8650016784668,52.185157775878906,121150800
54.20000076293945,54.29750061035156,53.50749969482422,53.7599983215332,52.08342742919922,104639200
53.525001525878906,54.09000015258789,53.459999084472656,53.76250076293945,52.085853576660156,76072400
53.662498474121094,54.26250076293945,53.650001525878906,53.872501373291016,52.192420959472656,75532800
54.150001525878906,54.224998474121094,53.77750015258789,54.040000915527344,52.354705810546875,73905600
54.287498474121094,54.685001373291016,54.08250045776367,54.48500061035156,52.785831451416016,82100400
54.752498626708984,55.1349983215332,54.72999954223633,54.92499923706055,53.21209716796875,91107200
55.037498474121094,55.872501373291016,54.852500915527344,55.744998931884766,54.006526947021484,109019200
55.8125,57.064998626708984,55.599998474121094,56.25749969482422,54.5030517578125,195175200
56.627498626708984,57.217498779296875,56.5,56.907501220703125,55.132774353027344,173360400
57.102500915527344,57.29499816894531,56.657501220703125,57.09000015258789,55.30958557128906,109560400
57.247501373291016,57.41749954223633,56.275001525878906,56.717498779296875,54.94870376586914,133332000
56.557498931884766,56.837501525878906,55.32500076293945,55.775001525878906,54.03559494018555,137160000
55.462501525878906,56.342498779296875,55.1775016784668,55.32500076293945,53.59962844848633,150479200
55.23749923706055,55.462501525878906,54.11750030517578,54.58250045776367,52.880279541015625,158066000
54.502498626708984,56.07500076293945,54.13999938964844,55.962501525878906,54.217247009277344,142996000
56.23500061035156,56.25,54.959999084472656,55.26750183105469,53.543922424316406,197114800
55.880001068115234,57.087501525878906,55.64250183105469,56.602500915527344,54.837284088134766,166825600
56.4375,56.709999084472656,55.630001068115234,55.959999084472656,54.21481704711914,127997200
55.537498474121094,55.73749923706055,54.317501068115234,54.470001220703125,52.771297454833984,148780400
54.4474983215332,55.462501525878906,54.279998779296875,54.560001373291016,52.858482360839844,126286800
54.625,54.904998779296875,53.82500076293945,54.592498779296875,52.88996887207031,108495200
55.060001373291016,55.56999969482422,54.787498474121094,55.00749969482422,53.29202651977539,106435200
55.19499969482422,55.34000015258789,54.3224983215332,54.415000915527344,52.71800994873047,384986800
54.20500183105469,55.314998626708984,54.157501220703125,55.1974983215332,53.47610092163086,110773600
54.9375,55.70500183105469,54.92499923706055,55.54750061035156,53.815185546875,98217600
55.25,55.9375,54.939998626708984,55.10499954223633,53.38649368286133,95938800
55.95500183105469,56.61000061035156,55.8849983215332,56.23749923706055,54.48366165161133,120724800
56.1974983215332,56.459999084472656,56.005001068115234,56.435001373291016,54.675010681152344,91717600
56.98749923706055,57.35499954223633,56.587501525878906,56.814998626708984,55.04315948486328,94403200
56.8125,57.5,56.657501220703125,57.31999969482422,55.532413482666016,99152800
57.51250076293945,58.36750030517578,57.44499969482422,58.01750183105469,56.20815658569336,114619200
57.69499969482422,58.087501525878906,56.682498931884766,56.997501373291016,55.219966888427734,128168000
56.9900016784668,57.102500915527344,55.14500045776367,56.0724983215332,54.323814392089844,134322000
55.5525016784668,56.20000076293945,55.04999923706055,55.942501068115234,54.1978759765625,118655600
55.90999984741211,56.817501068115234,55.5625,56.717498779296875,54.94870376586914,107564000
56.3650016784668,56.587501525878906,54.01250076293945,54.09000015258789,52.40314865112305,167962400
53.630001068115234,54.875,53.08000183105469,53.61249923706055,51.940528869628906,212497600
55.10499954223633,55.720001220703125,54.209999084472656,55.52750015258789,53.79581832885742,161351600
55.290000915527344,55.45750045776367,54.317501068115234,54.34000015258789,52.64534378051758,123164000
54.73249816894531,55.747501373291016,54.189998626708984,55.537498474121094,53.80550003051758,116736000
55.57500076293945,55.65999984741211,54.834999084472656,55.29750061035156,53.57298278808594,91541600
54.46500015258789,54.935001373291016,53.25,54.005001068115234,52.3207893371582,130325200
54.51499938964844,55.314998626708984,54.35749816894531,54.82749938964844,53.117637634277344,132314800
54.9474983215332,55.84000015258789,54.73500061035156,55.162498474121094,53.44219970703125,115168400
53.95750045776367,55.8125,53.67499923706055,55.682498931884766,53.94597244262695,155071200
55.650001525878906,56.057498931884766,53.6349983215332,53.772499084472656,52.095542907714844,163702000
54.4275016784668,55.345001220703125,54.1875,54.95000076293945,53.23632049560547,119423200
53.974998474121094,55.04750061035156,53.16749954223633,54.07500076293945,52.388607025146484,189033600
54.79750061035156,54.92250061035156,51.522499084472656,53.060001373291016,51.40526580810547,183742000
52.787498474121094,53.79499816894531,52.317501068115234,53.32500076293945,51.66199493408203,146640000
54.220001220703125,55.11249923706055,54.154998779296875,54.71500015258789,53.00865936279297,153435600
54.76250076293945,55.59000015258789,54.20249938964844,55.55500030517578,53.82245635986328,233292800
52.38750076293945,53.412498474121094,51.35749816894531,51.869998931884766,50.25238037109375,365314800
51.07500076293945,51.09749984741211,49.54249954223633,50.397499084472656,48.8257942199707,264654800
50.47999954223633,51.18000030517578,50.42250061035156,50.942501068115234,49.35380172729492,127531600
51.49250030517578,52.51499938964844,51.032501220703125,52.48749923706055,50.85062026977539,133697600
52.494998931884766,52.529998779296875,51.6875,52.122501373291016,50.673194885253906,101450400
51.38750076293945,51.502498626708984,50.5625,51.11750030517578,49.69614028930664,137463200
49.75,49.962501525878906,48.4474983215332,48.54249954223633,47.19273376464844,204542000
47.907501220703125,49.29499816894531,47.86249923706055,48.057498931884766,46.721221923828125,187531600
48.474998474121094,48.619998931884766,46.48249816894531,46.70000076293945,45.40147399902344,243204000
47.09749984741211,47.99250030517578,46.724998474121094,47.852500915527344,46.52193069458008,185915200
47.625,48.74250030517578,47.3650016784668,48.38249969482422,47.03718566894531,147713200
47.5,47.67499923706055,46.247501373291016,46.46500015258789,45.173004150390625,167701200
44.592498779296875,45.36750030517578,43.877498626708984,44.244998931884766,43.01472854614258,271300800
44.932498931884766,45.067501068115234,44.13750076293945,44.19499969482422,42.96612548828125,124496800
43.73500061035156,44.150001525878906,43.025001525878906,43.0724983215332,41.874839782714844,94496000
43.560001373291016,43.73749923706055,42.564998626708984,43.654998779296875,42.441139221191406,179994000
42.877498626708984,43.692501068115234,42.720001220703125,43.560001373291016,42.348777770996094,165549600
44.182498931884766,45.3224983215332,43.73249816894531,45.23500061035156,43.97720718383789,184250000
45.665000915527344,45.70000076293945,44.42499923706055,44.88750076293945,43.639373779296875,167080000
45.0724983215332,45.08250045776367,44.25749969482422,44.64500045776367,43.40361022949219,158126000
46.1150016784668,46.23500061035156,45.3025016784668,46.20500183105469,44.920230865478516,163210000
45.23749923706055,45.59749984741211,44.067501068115234,44.17250061035156,42.94424819946289,165377200
42.939998626708984,43.69499969482422,42.60499954223633,43.68000030517578,42.46544647216797,172393600
43.372501373291016,43.622501373291016,42.07500076293945,42.122501373291016,40.95124816894531,169126400
41.25,42.522499084472656,40.83250045776367,42.400001525878906,41.221031188964844,248104000
42.915000915527344,42.9474983215332,41.75,42.157501220703125,40.98528289794922,189126800
42.599998474121094,42.97999954223633,42.255001068115234,42.275001525878906,41.099510192871094,142510800
42.622501373291016,43.14250183105469,42.38750076293945,42.73749923706055,41.54915237426758,127594400
42.25,42.27000045776367,41.31999969482422,41.369998931884766,40.21967315673828,162814800
41.36249923706055,42.087501525878906,40.682498931884766,40.98500061035156,39.84538269042969,177151600
41.345001220703125,41.88249969482422,41.09749984741211,41.51750183105469,40.363075256347656,135366000
41.5,41.86249923706055,39.772499084472656,40.22249984741211,39.10408020019531,196189200
40.099998474121094,40.52750015258789,38.82500076293945,39.20750045776367,38.11730194091797,259092000
39.21500015258789,39.540000915527344,37.407501220703125,37.682498931884766,36.63470458984375,382978400
37.037498474121094,37.88750076293945,36.647499084472656,36.70750045776367,35.68681335449219,148676800
37.07500076293945,39.307498931884766,36.68000030517578,39.29249954223633,38.1999397277832,234330000
38.959999084472656,39.192501068115234,37.51750183105469,39.037498474121094,37.9520263671875,212468400
39.375,39.630001068115234,38.63750076293945,39.057498931884766,37.97147750854492,169165600
39.63249969482422,39.84000015258789,39.119998931884766,39.435001373291016,38.338478088378906,140014000
38.72249984741211,39.712501525878906,38.557498931884766,39.47999954223633,38.38222885131836,148158800
35.994998931884766,36.43000030517578,35.5,35.54750061035156,34.559078216552734,365248800
36.13249969482422,37.13750076293945,35.95000076293945,37.064998626708984,36.03437042236328,234428400
37.17499923706055,37.20750045776367,36.474998474121094,36.98249816894531,35.95417022705078,219111200
37.38999938964844,37.95500183105469,37.130001068115234,37.6875,36.639564514160156,164101200
37.8224983215332,38.63249969482422,37.407501220703125,38.32749938964844,37.26177215576172,180396400
38.125,38.49250030517578,37.71500015258789,38.45000076293945,37.38086700439453,143122800
38.220001220703125,38.42499923706055,37.877498626708984,38.0724983215332,37.01386260986328,108092800
37.712501525878906,37.817501068115234,37.30500030517578,37.5,36.4572868347168,129756800
37.567501068115234,38.34749984741211,37.51250076293945,38.26750183105469,37.20344161987305,114843600
38.27000045776367,38.970001220703125,38.25,38.73500061035156,37.65793991088867,122278800
38.54999923706055,39.415000915527344,38.314998626708984,38.96500015258789,37.88154220581055,119284800
39.375,39.470001220703125,38.994998931884766,39.20500183105469,38.114871978759766,135004000
39.102500915527344,39.182498931884766,38.154998779296875,38.32500076293945,37.25934600830078,121576000
38.537498474121094,38.78499984741211,37.92499923706055,38.47999954223633,37.410030364990234,92522400
38.52750015258789,38.619998931884766,37.935001373291016,38.17499923706055,37.11351776123047,101766000
38.869998931884766,39.532501220703125,38.58000183105469,39.439998626708984,38.34333038330078,134142000
38.9474983215332,39.08250045776367,38.415000915527344,39.07500076293945,37.98849105834961,104768400
39.0625,39.532501220703125,38.52750015258789,38.66999816894531,37.59475326538086,166348800
40.8125,41.537498474121094,40.057498931884766,41.3125,40.16376876831055,244439200
41.52750015258789,42.25,41.13999938964844,41.61000061035156,40.453006744384766,162958400
41.7400016784668,42.244998931884766,41.48249816894531,41.630001068115234,40.472450256347656,130672400
41.852500915527344,42.915000915527344,41.81999969482422,42.8125,41.6220588684082,125982000
43.21500015258789,43.77000045776367,43.087501525878906,43.54499816894531,42.334197998046875,144406400
43.662498474121094,43.89250183105469,43.212501525878906,43.560001373291016,42.348777770996094,112958400
43.099998474121094,43.48500061035156,42.584999084472656,42.73500061035156,41.54671859741211,126966800
42.247501373291016,42.665000915527344,42.10499954223633,42.602500915527344,41.59553527832031,95280000
42.76250076293945,42.8025016784668,42.3125,42.35749816894531,41.356327056884766,83973600
42.525001525878906,42.75,42.42499923706055,42.72249984741211,41.71270751953125,89134000
42.84749984741211,43.119998931884766,42.47999954223633,42.54499816894531,41.53939437866211,89960800
42.4275016784668,42.814998626708984,42.345001220703125,42.70000076293945,41.690738677978516,87342800
42.8125,42.92499923706055,42.4375,42.60499954223633,41.59797286987305,98507200
42.4275016784668,42.86000061035156,42.372501373291016,42.73249816894531,41.72246551513672,75891200
42.79750061035156,43.33000183105469,42.747501373291016,43.00749969482422,41.990966796875,104457600
42.95000076293945,43.092498779296875,42.57500076293945,42.76499938964844,41.75419616699219,68998800
42.89500045776367,43.25,42.845001220703125,43.24250030517578,42.22041702270508,75652800
43.540000915527344,43.967498779296875,43.48749923706055,43.557498931884766,42.5279655456543,87493600
43.4275016784668,43.82500076293945,43.29249954223633,43.58250045776367,42.55237579345703,68280800
43.3025016784668,43.75,43.182498931884766,43.717498779296875,42.68418502807617,111341600
43.58000183105469,43.727500915527344,43.22999954223633,43.287498474121094,42.26435089111328,112861600
43.56999969482422,43.787498474121094,43.22249984741211,43.74250030517578,42.70859909057617,103544800
43.92250061035156,44.4375,43.49250030517578,43.962501525878906,42.92338943481445,109744800
43.98500061035156,44.0,43.6349983215332,43.88249969482422,42.84527587890625,78949600
43.66749954223633,43.872501373291016,43.48500061035156,43.630001068115234,42.5987548828125,83241600
43.467498779296875,43.61000061035156,43.005001068115234,43.125,42.105690002441406,99185600
42.58000183105469,43.26750183105469,42.375,43.227500915527344,42.20576477050781,95997600
43.872501373291016,44.779998779296875,43.837501525878906,44.724998474121094,43.66787338256836,128044000
45.0,45.66749954223633,44.842498779296875,45.227500915527344,44.15849685668945,129870400
45.5625,45.82500076293945,45.22999954223633,45.4275016784668,44.353763580322266,124130000
45.974998474121094,46.025001525878906,45.63999938964844,45.932498931884766,44.84682083129883,94318000
46.212501525878906,46.83250045776367,45.935001373291016,46.529998779296875,45.43020248413086,156171600
46.45000076293945,47.09749984741211,46.4474983215332,47.005001068115234,45.89398193359375,104879200
47.087501525878906,47.247501373291016,46.47999954223633,46.63249969482422,45.53028869628906,126585600
46.557498931884766,47.372501373291016,46.182498931884766,47.040000915527344,45.92815399169922,124140800
47.505001068115234,49.08250045776367,47.45249938964844,48.772499084472656,47.61970138549805,204136800
48.834999084472656,49.42250061035156,47.69499969482422,47.76250076293945,46.633575439453125,169630800
47.877498626708984,47.994998931884766,46.650001525878906,47.185001373291016,46.06971740722656,175381200
47.915000915527344,48.220001220703125,46.14500045776367,46.6974983215332,45.593746185302734,199202000
47.1875,47.439998626708984,46.63750076293945,47.11750030517578,46.003822326660156,119393600
47.23749923706055,47.38999938964844,46.88249969482422,47.18000030517578,46.064842224121094,83121600
47.45750045776367,47.52000045776367,47.1349983215332,47.48749923706055,46.365074157714844,94256000
47.90999984741211,47.91999816894531,47.095001220703125,47.810001373291016,46.67995834350586,111448000
47.772499084472656,48.6150016784668,47.76250076293945,48.505001068115234,47.358524322509766,91062800
48.3125,49.125,48.287498474121094,48.837501525878906,47.683170318603516,93087200
48.6974983215332,49.092498779296875,48.28499984741211,48.92250061035156,47.766151428222656,76457200
49.11249923706055,49.275001525878906,48.98249816894531,49.25,48.085914611816406,74106400
49.10499954223633,50.057498931884766,49.084999084472656,50.025001525878906,48.84260559082031,103526800
50.08000183105469,50.712501525878906,49.807498931884766,49.875,48.69614791870117,143072800
49.66999816894531,50.185001373291016,49.54499816894531,50.154998779296875,48.96952438354492,86781200
50.212501525878906,50.25,49.61000061035156,49.73749923706055,48.561893463134766,83603200
49.79999923706055,50.03499984741211,49.0525016784668,49.717498779296875,48.5423583984375,111042800
49.64500045776367,49.962501525878906,49.502498626708984,49.807498931884766,48.63023376464844,70146400
49.8650016784668,50.342498779296875,49.63999938964844,49.8125,48.6351203918457,102785600
49.8849983215332,50.845001220703125,49.65250015258789,50.782501220703125,49.58219528198242,115627200
50.779998779296875,51.037498474121094,50.630001068115234,50.96500015258789,49.76038360595703,96783200
50.70750045776367,51.23500061035156,50.584999084472656,51.13249969482422,49.923919677734375,77758000
51.10749816894531,51.9375,50.974998474121094,51.869998931884766,50.64399337768555,93292000
51.84000015258789,52.119998931884766,51.76250076293945,51.790000915527344,50.56588363647461,70162400
51.70750045776367,51.939998626708984,51.279998779296875,51.31999969482422,50.106990814208984,74172800
51.224998474121094,51.25,50.529998779296875,51.07500076293945,49.86777877807617,74596400
51.099998474121094,51.49250030517578,50.96500015258789,51.15250015258789,49.94344711303711,88818800
50.76499938964844,50.849998474121094,49.77750015258789,50.16749954223633,48.981727600097656,186139600
52.470001220703125,53.82749938964844,52.307498931884766,52.630001068115234,51.38602828979492,259309200
52.459999084472656,53.162498474121094,52.032501220703125,52.287498474121094,51.05161666870117,127985200
52.72249984741211,52.959999084472656,52.557498931884766,52.9375,51.686256408691406,83569600
51.0724983215332,52.209999084472656,50.875,52.119998931884766,50.888084411621094,129772400
51.470001220703125,51.85499954223633,50.20750045776367,50.71500015258789,49.51628875732422,155054800
50.474998474121094,51.334999084472656,50.4375,50.724998474121094,49.52604675292969,105358000
50.099998474121094,50.41999816894531,49.165000915527344,50.18000030517578,48.99393081665039,139634400
49.35499954223633,49.712501525878906,48.192501068115234,49.29499816894531,48.31520462036133,164834800
46.9275016784668,47.369998931884766,45.712501525878906,46.43000030517578,45.507144927978516,229722400
46.602500915527344,47.42499923706055,46.352500915527344,47.165000915527344,46.227535247802734,146118800
46.567501068115234,47.9375,46.505001068115234,47.72999954223633,46.78129959106445,106178800
47.477500915527344,48.11750030517578,47.209999084472656,47.52000045776367,46.57547378540039,132125600
46.73249816894531,47.724998474121094,46.689998626708984,47.25,46.310848236083984,131516400
45.880001068115234,46.087501525878906,45.06999969482422,45.772499084472656,44.86271667480469,154449200
46.30500030517578,47.0,46.17499923706055,46.650001525878906,45.72277069091797,113459200
46.165000915527344,46.4275016784668,45.63750076293945,45.69499969482422,44.78675842285156,118994400
44.95000076293945,45.1349983215332,44.45249938964844,44.915000915527344,44.02225875854492,146118800
45.04999923706055,45.53499984741211,44.654998779296875,44.74250030517578,43.85318374633789,94858800
44.72999954223633,45.147499084472656,44.477500915527344,44.557498931884766,43.6718635559082,111792800
44.10499954223633,44.837501525878906,44.0,44.345001220703125,43.463584899902344,113924800
44.48749923706055,44.807498931884766,44.16749954223633,44.57500076293945,43.68901443481445,84873600
44.057498931884766,44.497501373291016,43.747501373291016,43.76750183105469,42.8975715637207,108174400
43.900001525878906,44.47999954223633,42.567501068115234,43.32500076293945,42.4638671875,161584400
43.86000061035156,44.95750045776367,43.630001068115234,44.90999984741211,44.01735305786133,123872000
46.06999969482422,46.247501373291016,45.28499984741211,45.6349983215332,44.72793960571289,119093600
45.77000045776367,46.36750030517578,45.537498474121094,46.30500030517578,45.38462448120117,90105200
46.627498626708984,47.97999954223633,46.442501068115234,47.537498474121094,46.59263229370117,122737600
47.95249938964844,48.842498779296875,47.904998779296875,48.14500045776367,47.18806076049805,104883600
48.71500015258789,49.0,48.400001525878906,48.70249938964844,47.734474182128906,107731600
48.48749923706055,48.99250030517578,48.34749984741211,48.54750061035156,47.58255386352539,73012800
48.67499923706055,49.1974983215332,48.400001525878906,48.537498474121094,47.572757720947266,86698400
47.88750076293945,48.397499084472656,47.57500076293945,48.185001373291016,47.227264404296875,75046000
48.224998474121094,48.7400016784668,48.04249954223633,48.47249984741211,47.5090446472168,58676400
49.01250076293945,50.0724983215332,48.8025016784668,49.61249923706055,48.62639617919922,106204000
49.91999816894531,49.970001220703125,49.32749938964844,49.467498779296875,48.48426818847656,84496800
50.092498779296875,50.15250015258789,49.50749969482422,49.8650016784668,48.87387466430664,86056000
49.70000076293945,50.212501525878906,49.537498474121094,49.69499969482422,48.70724868774414,191202400
49.6349983215332,50.040000915527344,49.54249954223633,49.64500045776367,48.65824508666992,72881600
49.60749816894531,49.814998626708984,48.8224983215332,48.89250183105469,47.92070388793945,84281200
49.442501068115234,50.247501373291016,49.337501525878906,49.95000076293945,48.957183837890625,104270000
50.0724983215332,50.39250183105469,49.89250183105469,49.935001373291016,48.94247817993164,83598800
49.66999816894531,49.875,49.26250076293945,49.47999954223633,48.49652099609375,124442400
50.79249954223633,51.122501373291016,50.162498474121094,50.38750076293945,49.385982513427734,109012000
50.352500915527344,50.782501220703125,50.34000015258789,50.682498931884766,49.67512130737305,67740800
50.81999969482422,51.11000061035156,50.67250061035156,51.102500915527344,50.08677673339844,45448000
50.837501525878906,51.27000045776367,50.724998474121094,51.057498931884766,50.042667388916016,69062000
50.20249938964844,50.349998474121094,49.602500915527344,50.005001068115234,49.011085510253906,101354400
49.79999923706055,50.377498626708984,49.70249938964844,50.310001373291016,49.31003189086914,82312000
50.462501525878906,50.932498931884766,50.38999938964844,50.807498931884766,49.797630310058594,71588400
50.82749938964844,51.09749984741211,50.4275016784668,50.4375,49.43499755859375,80767200
50.61249923706055,51.0,50.54999923706055,50.82500076293945,49.81478500366211,70380800
51.022499084472656,51.467498779296875,51.0,51.3025016784668,50.282806396484375,67789600
51.147499084472656,51.52750015258789,50.875,51.125,50.10882568359375,67467200
51.01250076293945,51.272499084472656,50.817501068115234,50.837501525878906,49.82704544067383,56430000
51.0,51.470001220703125,50.92499923706055,51.415000915527344,50.393062591552734,74162400
51.4474983215332,51.625,50.59000015258789,50.647499084472656,49.64081573486328,83717200
50.912498474121094,51.807498931884766,50.90250015258789,51.80500030517578,50.775306701660156,89111600
52.1150016784668,52.227500915527344,51.8224983215332,52.209999084472656,51.17226028442383,73420800
51.91749954223633,52.287498474121094,51.79249954223633,52.16749954223633,51.13059997558594,59966400
52.22249984741211,52.310001373291016,51.682498931884766,51.755001068115234,50.7263069152832,55638400
51.869998931884766,52.432498931884766,51.78499984741211,51.935001373291016,50.90272521972656,70475600
52.1150016784668,52.65999984741211,52.11000061035156,52.41999816894531,51.37807846069336,86693600
52.189998626708984,52.540000915527344,51.82749938964844,52.19499969482422,51.157562255859375,135742800
54.10499954223633,55.342498779296875,52.82500076293945,53.2599983215332,52.201385498046875,277125600
53.474998474121094,54.50749969482422,51.685001373291016,52.10749816894531,51.07179260253906,216071600
51.38249969482422,51.60749816894531,50.407501220703125,51.005001068115234,49.991214752197266,163448400
49.497501373291016,49.662498474121094,48.14500045776367,48.334999084472656,47.37428665161133,209572000
49.07749938964844,49.51750183105469,48.5099983215332,49.25,48.27109146118164,143299200
48.852500915527344,49.88999938964844,48.45500183105469,49.7599983215332,48.770957946777344,133457600
50.04999923706055,50.88249969482422,49.84749984741211,50.85749816894531,49.846641540527344,108038000
50.32500076293945,50.689998626708984,49.8224983215332,50.247501373291016,49.43588638305664,98478800
49.904998779296875,50.51250076293945,49.787498474121094,50.119998931884766,49.31044387817383,89927600
50.255001068115234,53.03499984741211,50.119998931884766,52.24250030517578,51.39866638183594,188874000
50.790000915527344,51.61000061035156,50.647499084472656,50.6875,49.868778228759766,146189600
50.8650016784668,51.28499984741211,49.91749954223633,50.435001373291016,49.620357513427734,108909600
51.06999969482422,51.790000915527344,50.959999084472656,51.625,50.7911376953125,110481600
52.654998779296875,53.182498931884766,52.50749969482422,52.587501525878906,51.738094329833984,97654400
52.720001220703125,53.337501525878906,52.58000183105469,52.59000015258789,51.74055480957031,107537200
53.247501373291016,53.412498474121094,52.900001525878906,53.15999984741211,52.30134582519531,86141600
53.29750061035156,53.61000061035156,52.6875,53.1150016784668,52.25707244873047,89014800
52.35749816894531,53.01250076293945,50.25,50.65999984741211,49.84172439575195,187272000
51.46500015258789,51.79750061035156,51.26499938964844,51.622501373291016,50.78867721557617,104174400
51.96500015258789,52.13750076293945,50.88249969482422,51.040000915527344,50.21558380126953,103493200
51.025001525878906,51.43000030517578,50.83000183105469,51.38249969482422,50.55255126953125,63755200
52.125,52.33000183105469,51.665000915527344,52.252498626708984,51.408504486083984,83962000
52.540000915527344,52.61249923706055,51.79999923706055,52.185001373291016,51.34209060668945,84573600
51.60749816894531,51.744998931884766,51.05500030517578,51.42499923706055,50.59436798095703,80092000
52.09749984741211,52.369998931884766,51.83000183105469,52.29750061035156,51.45277404785156,76752400
53.0,53.49250030517578,52.877498626708984,53.31999969482422,52.45875549316406,95654800
53.51250076293945,53.60499954223633,53.127498626708984,53.314998626708984,52.45383834838867,77449200
53.709999084472656,54.11000061035156,52.76750183105469,53.54249954223633,52.67766571044922,109237600
53.46500015258789,54.19499969482422,52.9275016784668,54.17499923706055,53.29994201660156,127111600
54.51750183105469,55.9275016784668,54.432498931884766,55.897499084472656,54.99462127685547,177158400
56.20000076293945,56.60499954223633,55.71500015258789,55.772499084472656,54.871639251708984,128906800
55.0,55.1974983215332,54.255001068115234,54.6875,53.80416488647461,159053200
54.432498931884766,55.032501220703125,54.38999938964844,54.974998474121094,54.08702850341797,84632400
54.9900016784668,55.20500183105469,54.779998779296875,55.17499923706055,54.28379821777344,73274800
55.26499938964844,55.712501525878906,54.86000061035156,55.692501068115234,54.792930603027344,101360000
55.502498626708984,55.939998626708984,55.092498779296875,55.2400016784668,54.347747802734375,88242400
55.345001220703125,55.63999938964844,54.36750030517578,54.432498931884766,53.553287506103516,221652400
54.73749923706055,54.959999084472656,54.412498474121094,54.68000030517578,53.79678726196289,76662000
55.25749969482422,55.622501373291016,54.29750061035156,54.41999816894531,53.540985107421875,124763200
54.63750076293945,55.375,54.28499984741211,55.25749969482422,54.364967346191406,87613600
55.0,55.23500061035156,54.70750045776367,54.97249984741211,54.08456802368164,75334000
55.1349983215332,55.2400016784668,54.31999969482422,54.70500183105469,53.82139205932617,101408000
55.224998474121094,56.14500045776367,55.1974983215332,55.99250030517578,55.08809280395508,103909600
56.26750183105469,57.05500030517578,56.04999923706055,56.147499084472656,55.2405891418457,139223200
55.76499938964844,55.89500045776367,54.48249816894531,54.7400016784668,53.85581970214844,138449200
54.60749816894531,55.2400016784668,53.782501220703125,55.20500183105469,54.31331253051758,114426000
56.40999984741211,56.872501373291016,55.97249984741211,56.752498626708984,55.835811614990234,138478800
56.567501068115234,57.48249816894531,56.459999084472656,56.76499938964844,55.84811782836914,122306000
56.45500183105469,57.01499938964844,56.08250045776367,56.099998474121094,55.19385528564453,111820000
56.75749969482422,56.9474983215332,56.40999984741211,56.75749969482422,55.84073257446289,74770400
56.98249816894531,57.61000061035156,56.82500076293945,57.522499084472656,56.593379974365234,113013600
58.23749923706055,59.40999984741211,58.07749938964844,59.0525016784668,58.09866714477539,166795600
58.724998474121094,59.532501220703125,58.66749954223633,58.967498779296875,58.01502990722656,96427600
59.09749984741211,59.412498474121094,58.720001220703125,58.83000183105469,57.8797607421875,87360000
58.342498779296875,58.810001373291016,58.29999923706055,58.592498779296875,57.646095275878906,73903200
58.772499084472656,59.037498474121094,58.380001068115234,58.81999969482422,57.86991500854492,67585200
58.647499084472656,59.39500045776367,58.5724983215332,59.102500915527344,58.147865295410156,97433600
59.380001068115234,60.247501373291016,59.33000183105469,60.127498626708984,59.15630340576172,87247200
60.290000915527344,60.54999923706055,59.904998779296875,59.9900016784668,59.02102279663086,82293600
60.525001525878906,60.810001373291016,60.30500030517578,60.79499816894531,59.81302261352539,75828800
61.127498626708984,61.20000076293945,60.45249938964844,60.89500045776367,59.91140365600586,69275200
60.790000915527344,61.682498931884766,60.720001220703125,61.64500045776367,60.6492919921875,73477200
61.85499954223633,62.3125,61.68000030517578,62.26250076293945,61.25681686401367,96572800
62.24250030517578,62.4375,60.64250183105469,60.8224983215332,59.84008026123047,142839600
61.189998626708984,61.32500076293945,60.3025016784668,60.814998626708984,59.83269500732422,124522000
61.810001373291016,62.29249954223633,59.314998626708984,62.189998626708984,61.18548583984375,139162000
62.3849983215332,63.98249816894531,62.290000915527344,63.95500183105469,62.92198181152344,151125200
64.3324966430664,64.4625015258789,63.845001220703125,64.375,63.3351936340332,103272000
64.26249694824219,64.54750061035156,64.08000183105469,64.28250122070312,63.24419403076172,79897600
64.19249725341797,64.37249755859375,63.842498779296875,64.30999755859375,63.27124786376953,75864400
64.68499755859375,65.0875015258789,64.52749633789062,64.85749816894531,64.00148010253906,94940400
64.67250061035156,65.11000061035156,64.2125015258789,65.03500366210938,64.1766357421875,69986400
64.57499694824219,65.61750030517578,64.56999969482422,65.55000305175781,64.6848373413086,81821200
65.38749694824219,65.69750213623047,65.2300033569336,65.48999786376953,64.62561798095703,87388800
65.28250122070312,66.19499969482422,65.26750183105469,66.11750030517578,65.24484252929688,102734400
65.9375,66.22000122070312,65.5250015258789,65.66000366210938,64.79338836669922,89182800
65.91999816894531,66.44499969482422,65.75250244140625,66.44000244140625,65.56309509277344,100206400
66.44999694824219,66.85749816894531,66.05750274658203,66.7750015258789,65.89366912841797,86703200
66.9749984741211,67.0,66.34750366210938,66.57250213623047,65.69384002685547,76167200
66.38500213623047,66.5199966430664,65.0999984741211,65.79750061035156,64.92906951904297,106234400
65.92250061035156,66.00250244140625,65.29499816894531,65.50250244140625,64.63796997070312,121395200
65.64749908447266,65.79499816894531,65.20999908447266,65.44499969482422,64.58121490478516,65325200
65.67749786376953,66.61000061035156,65.62999725341797,66.59249877929688,65.71356964111328,84020400
66.73500061035156,66.79000091552734,65.625,66.07250213623047,65.20044708251953,105207600
66.3949966430664,66.99500274658203,66.32749938964844,66.95999908447266,66.07623291015625,65235600
66.6500015258789,67.0,66.4749984741211,66.8125,65.9306640625,46617600
66.81749725341797,67.0625,65.86250305175781,66.04000091552734,65.16836547851562,94487200
64.57749938964844,64.88249969482422,64.07250213623047,64.86250305175781,64.00641632080078,114430400
65.26750183105469,65.82749938964844,65.16999816894531,65.43499755859375,64.57135009765625,67181600
65.94750213623047,66.47250366210938,65.68250274658203,66.3949966430664,65.51866149902344,74424400
66.87000274658203,67.75,66.82499694824219,67.67749786376953,66.78425598144531,106075600
67.5,67.69999694824219,66.22750091552734,66.7300033569336,65.8492660522461,128042400
67.1500015258789,67.51750183105469,66.46499633789062,67.12000274658203,66.2341079711914,90420400
67.20249938964844,67.7750015258789,67.125,67.69249725341797,66.79905700683594,78756800
66.94499969482422,68.13999938964844,66.83000183105469,67.86499786376953,66.96929168701172,137310400
67.86499786376953,68.82499694824219,67.73249816894531,68.7874984741211,67.87960052490234,133587600
69.25,70.19750213623047,69.24500274658203,69.96499633789062,69.04155731201172,128186000
69.89250183105469,70.44249725341797,69.69999694824219,70.10250091552734,69.17726135253906,114158400
69.94999694824219,70.4749984741211,69.77999877929688,69.93499755859375,69.01195526123047,116028400
69.875,70.29499816894531,69.73750305175781,70.00499725341797,69.08103942871094,98369200
70.55750274658203,70.6624984741211,69.63999938964844,69.86000061035156,68.93795013427734,275978000
70.13249969482422,71.0625,70.09249877929688,71.0,70.06290435791016,98572000
71.17250061035156,71.22250366210938,70.7300033569336,71.06749725341797,70.1295166015625,48478800
71.20500183105469,72.49500274658203,71.17500305175781,72.47750091552734,71.52090454101562,93121200
72.77999877929688,73.49250030517578,72.02999877929688,72.44999694824219,71.49375915527344,146266000
72.36499786376953,73.17250061035156,71.30500030517578,72.87999725341797,71.91808319091797,144114400
72.48249816894531,73.41999816894531,72.37999725341797,73.4124984741211,72.44355773925781,100805600
74.05999755859375,75.1500015258789,73.79750061035156,75.0875015258789,74.09644317626953,135480400
74.2874984741211,75.1449966430664,74.125,74.35749816894531,73.37608337402344,146322800
73.44750213623047,74.98999786376953,73.1875,74.94999694824219,73.96076965332031,118387200
74.95999908447266,75.2249984741211,74.37000274658203,74.59750366210938,73.61293029785156,108872000
74.29000091552734,76.11000061035156,74.29000091552734,75.79750061035156,74.79708099365234,132079200
76.80999755859375,77.60749816894531,76.55000305175781,77.40750122070312,76.38583374023438,170108400
77.6500015258789,78.1675033569336,77.0625,77.5824966430664,76.55851745605469,140644800
77.91000366210938,79.26750183105469,77.7874984741211,79.23999786376953,78.19414520263672,121532000
79.17500305175781,79.39250183105469,78.0425033569336,78.16999816894531,77.13825988769531,161954400
77.9625015258789,78.875,77.38749694824219,77.83499908447266,76.80770111083984,121923600
78.39749908447266,78.92500305175781,78.02249908447266,78.80999755859375,77.76982116699219,108829200
79.06749725341797,79.68499755859375,78.75,79.68250274658203,78.63081359863281,137816400
79.29750061035156,79.75499725341797,79.0,79.14250183105469,78.09793853759766,110843200
79.6449966430664,79.99749755859375,79.32749938964844,79.42500305175781,78.37671661376953,101832400
79.4800033569336,79.88999938964844,78.9124984741211,79.80750274658203,78.75415802001953,104472000
80.0625,80.8324966430664,79.37999725341797,79.57749938964844,78.5271987915039,146537600
77.51499938964844,77.94249725341797,76.22000122070312,77.23750305175781,76.21807861328125,161940000
78.1500015258789,79.5999984741211,78.04750061035156,79.42250061035156,78.37423706054688,162234000
81.11250305175781,81.9625015258789,80.34500122070312,81.08499908447266,80.01480102539062,216229200
80.13500213623047,81.02249908447266,79.6875,80.96749877929688,79.89884948730469,126743200
80.23249816894531,80.66999816894531,77.07250213623047,77.37750244140625,76.3562240600586,199588400
76.07499694824219,78.37249755859375,75.55500030517578,77.16500091552734,76.14654541015625,173788400
78.82749938964844,79.91000366210938,78.40750122070312,79.7125015258789,78.66041564941406,136616400
80.87999725341797,81.19000244140625,79.73750305175781,80.36250305175781,79.30182647705078,118826800
80.64250183105469,81.30500030517578,80.06500244140625,81.30249786376953,80.22943115234375,105425600
80.59249877929688,80.8499984741211,79.5,80.00749969482422,79.13890075683594,117684000
78.54499816894531,80.38749694824219,78.4625015258789,80.38749694824219,79.5147705078125,109348800
80.9000015258789,80.9749984741211,79.67749786376953,79.90249633789062,79.03502655029297,94323200
80.36750030517578,81.80500030517578,80.36750030517578,81.80000305175781,80.91194152832031,113730400
81.04750061035156,81.55500030517578,80.8375015258789,81.21749877929688,80.33575439453125,94747600
81.18499755859375,81.49500274658203,80.7125015258789,81.23750305175781,80.35554504394531,80113600
78.83999633789062,79.9375,78.65249633789062,79.75,78.88419342041016,152531200
80.0,81.14250183105469,80.0,80.90499877929688,80.02664947509766,93984000
80.65750122070312,81.1624984741211,79.55249786376953,80.07499694824219,79.20565795898438,100566000
79.65499877929688,80.11250305175781,77.625,78.26249694824219,77.41283416748047,129554000
74.31500244140625,76.04499816894531,72.30750274658203,74.54499816894531,73.7356948852539,222195200
75.23750305175781,75.63249969482422,71.53250122070312,72.0199966430664,71.23809814453125,230673600
71.63249969482422,74.47000122070312,71.625,73.1624984741211,72.36820983886719,198054800
70.2750015258789,71.5,68.23999786376953,68.37999725341797,67.63762664794922,320605600
64.31500244140625,69.60250091552734,64.09249877929688,68.33999633789062,67.59806060791016,426510000
70.56999969482422,75.36000061035156,69.43000030517578,74.70249938964844,73.89148712158203,341397200
75.9175033569336,76.0,71.44999694824219,72.33000183105469,71.54473876953125,319475600
74.11000061035156,75.8499984741211,73.28250122070312,75.68499755859375,74.86331176757812,219178400
73.87999725341797,74.88749694824219,72.85250091552734,73.2300033569336,72.43497467041016,187572800
70.5,72.70500183105469,70.30750274658203,72.25749969482422,71.47303771972656,226176800
65.9375,69.52249908447266,65.75,66.5425033569336,65.82007598876953,286744800
69.28500366210938,71.61000061035156,67.34249877929688,71.33499908447266,70.560546875,285290000
69.34750366210938,70.30500030517578,67.96499633789062,68.85749816894531,68.10993957519531,255598800
63.98500061035156,67.5,62.0,62.057498931884766,61.383766174316406,418474000
66.22250366210938,69.9800033569336,63.23749923706055,69.49250030517578,68.73804473876953,370732000
60.48749923706055,64.7699966430664,60.0,60.5525016784668,59.89510726928711,322423600
61.877498626708984,64.40249633789062,59.599998474121094,63.21500015258789,62.5286979675293,324056000
59.942501068115234,62.5,59.279998779296875,61.66749954223633,60.99800109863281,300233600
61.84749984741211,63.209999084472656,60.65250015258789,61.19499969482422,60.53063201904297,271857200
61.79499816894531,62.95750045776367,57.0,57.310001373291016,56.68781661987305,401693200
57.02000045776367,57.125,53.15250015258789,56.092498779296875,55.48352813720703,336752800
59.09000015258789,61.92250061035156,58.57500076293945,61.720001220703125,61.0499382019043,287531200
62.6875,64.5625,61.07500076293945,61.380001068115234,60.713623046875,303602000
61.630001068115234,64.66999816894531,61.59000015258789,64.61000061035156,63.90856170654297,252087200
63.1875,63.967498779296875,61.76250076293945,61.935001373291016,61.26259994506836,204216800
62.685001373291016,63.880001068115234,62.349998474121094,63.70249938964844,63.01090621948242,167976400
63.900001525878906,65.62249755859375,63.0,63.5724983215332,62.882320404052734,197002000
61.625,62.18000030517578,59.782501220703125,60.227500915527344,59.573638916015625,176218400
60.084999084472656,61.287498474121094,59.224998474121094,61.23249816894531,60.567726135253906,165934000
60.70000076293945,61.42499923706055,59.74250030517578,60.352500915527344,59.6972770690918,129880000
62.724998474121094,65.77749633789062,62.345001220703125,65.61750030517578,64.90511322021484,201820400
67.69999694824219,67.92500305175781,64.75,64.85749816894531,64.15337371826172,202887200
65.68499755859375,66.84249877929688,65.30750274658203,66.51750183105469,65.79534912109375,168895200
67.17500305175781,67.51750183105469,66.17500305175781,66.99749755859375,66.27012634277344,161834800
67.07749938964844,68.42500305175781,66.4574966430664,68.3125,67.57086181640625,131022800
70.0,72.0625,69.51249694824219,71.76249694824219,70.98339080810547,194994800
70.5999984741211,71.5824966430664,70.15750122070312,71.10749816894531,70.33551025390625,131154400
71.84500122070312,72.05000305175781,70.5875015258789,71.67250061035156,70.8943862915039,157125200
71.17250061035156,71.73750305175781,69.21499633789062,70.69999694824219,69.93244171142578,215250000
69.48750305175781,70.41999816894531,69.2125015258789,69.23249816894531,68.48087310791016,130015200
69.06999969482422,69.3125,66.35749816894531,67.09249877929688,66.3641128540039,180991600
68.40249633789062,69.4749984741211,68.05000305175781,69.0250015258789,68.27562713623047,116862400
68.96749877929688,70.4375,68.71749877929688,68.75749969482422,68.01103210449219,124814400
69.30000305175781,70.75250244140625,69.25,70.74250030517578,69.97447204589844,126161200
70.44999694824219,71.13500213623047,69.98750305175781,70.7925033569336,70.02394104003906,117087600
71.2699966430664,71.4574966430664,69.55000305175781,69.6449966430664,68.88890075683594,112004800
71.18250274658203,72.4175033569336,70.97250366210938,71.93250274658203,71.15155792236328,137280800
72.48999786376953,73.63249969482422,72.0875015258789,73.44999694824219,72.65258026123047,183064000
71.5625,74.75,71.4625015258789,72.26750183105469,71.4829330444336,240616800
72.2925033569336,73.42250061035156,71.58000183105469,73.29000091552734,72.49432373046875,133568000
73.76499938964844,75.25,73.61499786376953,74.38999938964844,73.58238220214844,147751200
75.11499786376953,75.80999755859375,74.71749877929688,75.15750122070312,74.34153747558594,142333600
75.80500030517578,76.2925033569336,75.49250030517578,75.93499755859375,75.11060333251953,115215200
76.41000366210938,77.5875015258789,76.07250213623047,77.53250122070312,76.89836120605469,133838400
77.0250015258789,79.26249694824219,76.80999755859375,78.75250244140625,78.10838317871094,145946400
79.4574966430664,79.92250061035156,77.72750091552734,77.85250091552734,77.21574401855469,162301200
78.0374984741211,78.98750305175781,75.80249786376953,76.9124984741211,76.2834243774414,200622400
76.12750244140625,77.44750213623047,75.38249969482422,77.38500213623047,76.7520751953125,158929200
75.0875015258789,76.9749984741211,75.05249786376953,76.92749786376953,76.29830932617188,166348400
78.2925033569336,79.125,77.58000183105469,78.73999786376953,78.09599304199219,135178400
78.75749969482422,79.62999725341797,78.25250244140625,78.28500366210938,77.64471435546875,101729600
79.16999816894531,79.87999725341797,79.12999725341797,79.80750274658203,79.1547622680664,111504800
79.66500091552734,80.22250366210938,78.96749877929688,79.2125015258789,78.56462097167969,102688800
78.94249725341797,79.80750274658203,78.8375015258789,79.72250366210938,79.0704574584961,81803200
80.875,81.05999755859375,79.125,79.18250274658203,78.53487396240234,125522000
79.03500366210938,79.67749786376953,78.27249908447266,79.52749633789062,78.87703704833984,112945200
79.19249725341797,80.86000061035156,78.90750122070312,79.5625,78.91175079345703,133560800
79.8125,80.2874984741211,79.11750030517578,79.48500061035156,78.83489990234375,153532400
79.4375,80.5875015258789,79.30249786376953,80.4625015258789,79.80439758300781,80791200
80.1875,80.86000061035156,79.73249816894531,80.83499908447266,80.17384338378906,87642800
81.16500091552734,81.55000305175781,80.57499694824219,81.27999877929688,80.6152114868164,104491200
81.09750366210938,81.40499877929688,80.19499969482422,80.58000183105469,79.92094421386719,87560400
80.8375015258789,82.9375,80.80750274658203,82.875,82.19717407226562,137250400
82.5625,83.4000015258789,81.83000183105469,83.36499786376953,82.68315124511719,95654400
83.03500366210938,86.40249633789062,83.00250244140625,85.99749755859375,85.29412841796875,147712400
86.9749984741211,88.69249725341797,86.52249908447266,88.20999908447266,87.48853302001953,166651600
87.32749938964844,87.76499938964844,83.87000274658203,83.9749984741211,83.28816986083984,201662400
86.18000030517578,86.94999694824219,83.55500030517578,84.69999694824219,84.00723266601562,200146000
83.3125,86.41999816894531,83.1449966430664,85.74749755859375,85.04617309570312,138808800
87.86499786376953,88.30000305175781,86.18000030517578,88.0199966430664,87.30008697509766,165428800
88.7874984741211,88.8499984741211,87.77249908447266,87.89749908447266,87.1785888671875,114406400
87.85250091552734,88.36250305175781,87.30500030517578,87.93250274658203,87.21330261230469,96820400
88.66000366210938,89.13999938964844,86.2874984741211,87.43000030517578,86.71490478515625,264476000
87.83499908447266,89.86499786376953,87.7874984741211,89.71749877929688,88.98370361328125,135445200
91.0,93.09500122070312,90.56749725341797,91.63249969482422,90.8830337524414,212155600
91.25,92.19750213623047,89.62999725341797,90.01499938964844,89.27877044677734,192623200
90.17500305175781,91.25,89.39250183105469,91.20999908447266,90.46399688720703,137522400
91.10250091552734,91.33000183105469,88.25499725341797,88.40750122070312,87.68441772460938,205256800
88.3125,90.5425033569336,87.81999969482422,90.44499969482422,89.70525360107422,130646000
90.0199966430664,91.49500274658203,90.0,91.19999694824219,90.4540786743164,140223200
91.27999877929688,91.83999633789062,90.97750091552734,91.02749633789062,90.2829818725586,110737200
91.9625015258789,92.61750030517578,90.91000366210938,91.02749633789062,90.2829818725586,114041600
92.5,93.94499969482422,92.46749877929688,93.4625015258789,92.69807434082031,118655600
93.85250091552734,94.65499877929688,93.05750274658203,93.17250061035156,92.41043853759766,112424400
94.18000030517578,95.375,94.08999633789062,95.34249877929688,94.56269073486328,117092000
96.26249694824219,96.31749725341797,94.67250061035156,95.75250244140625,94.96934509277344,125642800
95.33499908447266,95.9800033569336,94.70500183105469,95.91999816894531,95.1354751586914,90257200
97.26499938964844,99.95500183105469,95.25749969482422,95.47750091552734,94.69659423828125,191649200
94.83999633789062,97.25499725341797,93.87750244140625,97.05750274658203,96.263671875,170989200
98.98999786376953,99.24749755859375,96.48999786376953,97.7249984741211,96.92570495605469,153198000
96.5625,97.40499877929688,95.90499877929688,96.52249908447266,95.73303985595703,110577600
96.98750305175781,97.14749908447266,95.83999633789062,96.32749938964844,95.53963470458984,92186800
96.4175033569336,98.5,96.0625,98.35749816894531,97.55303192138672,90318000
99.17250061035156,99.25,96.74250030517578,97.0,96.2066421508789,103433200
96.69249725341797,97.9749984741211,96.60250091552734,97.27249908447266,96.4769058227539,89001600
96.99749755859375,97.07749938964844,92.01000213623047,92.84500122070312,92.08562469482422,197004400
90.98750305175781,92.97000122070312,89.1449966430664,92.61499786376953,91.85750579833984,185438800
93.70999908447266,94.90499877929688,93.4800033569336,94.80999755859375,94.03453826904297,121214000
94.36750030517578,94.55000305175781,93.24749755859375,93.25250244140625,92.48978424072266,103625600
93.75,95.2300033569336,93.7125015258789,95.04000091552734,94.26265716552734,90329200
94.1875,96.29750061035156,93.76750183105469,96.19000244140625,95.40326690673828,158130000
102.88500213623047,106.41500091552734,100.82499694824219,106.26000213623047,105.39090728759766,374336800
108.19999694824219,111.63749694824219,107.89250183105469,108.9375,108.0465087890625,308151200
109.13249969482422,110.79000091552734,108.38749694824219,109.66500091552734,108.76805877685547,173071600
109.37750244140625,110.39250183105469,108.89749908447266,110.0625,109.16229248046875,121776800
110.40499877929688,114.4124984741211,109.79750061035156,113.90249633789062,112.97089385986328,202428800
113.20500183105469,113.67500305175781,110.2925033569336,111.11250305175781,110.40242004394531,198045600
112.5999984741211,113.7750015258789,110.0,112.72750091552734,112.00709533691406,212403600
111.97000122070312,112.48249816894531,109.10749816894531,109.375,108.67601013183594,187902400
110.49749755859375,113.2750015258789,110.29750061035156,113.01000213623047,112.28778839111328,165598000
114.43000030517578,116.0425033569336,113.92749786376953,115.01000213623047,114.2750015258789,210082000
114.83000183105469,115.0,113.04499816894531,114.90750122070312,114.17316436767578,165565200
116.0625,116.0875015258789,113.9625015258789,114.60749816894531,113.87506866455078,119561600
114.35250091552734,116.0,114.00749969482422,115.5625,114.823974609375,105633600
115.98249816894531,117.1624984741211,115.61000061035156,115.7074966430664,114.96804809570312,145538000
115.75,118.39250183105469,115.73249816894531,118.2750015258789,117.5191421508789,126907200
119.26249694824219,124.86750030517578,119.25,124.37000274658203,123.57518768310547,338054800
128.69749450683594,128.78500366210938,123.9375,125.85749816894531,125.05317687988281,345937600
124.69750213623047,125.18000030517578,123.05249786376953,124.82499694824219,124.02728271484375,211495600
126.18000030517578,126.99250030517578,125.0824966430664,126.52249908447266,125.71392822265625,163022400
127.14250183105469,127.48500061035156,123.8324966430664,125.01000213623047,124.21109771728516,155552400
126.01249694824219,126.44249725341797,124.57749938964844,124.80750274658203,124.00989532470703,187630000
127.58000183105469,131.0,126.0,129.0399932861328,128.21534729003906,225702700
132.75999450683594,134.8000030517578,130.52999877929688,134.17999267578125,133.32249450683594,151948100
137.58999633789062,137.97999572753906,127.0,131.39999389648438,130.5602569580078,200119000
126.91000366210938,128.83999633789062,120.5,120.87999725341797,120.10748291015625,257599600
120.06999969482422,123.69999694824219,110.88999938964844,120.95999908447266,120.18698120117188,332607200
113.94999694824219,118.98999786376953,112.68000030517578,112.81999969482422,112.0989990234375,231366600
117.26000213623047,119.13999938964844,115.26000213623047,117.31999969482422,116.57023620605469,176940500
120.36000061035156,120.5,112.5,113.48999786376953,112.76471710205078,182274400
114.56999969482422,115.2300033569336,110.0,112.0,111.28424072265625,180860300
114.72000122070312,115.93000030517578,112.80000305175781,115.36000061035156,114.62276458740234,140150100
118.33000183105469,118.83000183105469,113.61000061035156,115.54000091552734,114.80162048339844,184642000
115.2300033569336,116.0,112.04000091552734,112.12999725341797,111.41340637207031,154679000
109.72000122070312,112.19999694824219,108.70999908447266,110.33999633789062,109.63484954833984,178011000
110.4000015258789,110.87999725341797,106.08999633789062,106.83999633789062,106.15721130371094,287104900
104.54000091552734,110.19000244140625,103.0999984741211,110.08000183105469,109.37651062011719,195713800
112.68000030517578,112.86000061035156,109.16000366210938,111.80999755859375,111.09544372558594,183055400
111.62000274658203,112.11000061035156,106.7699966430664,107.12000274658203,106.43543243408203,150718700
105.16999816894531,110.25,105.0,108.22000122070312,107.52840423583984,167743300
108.43000030517578,112.44000244140625,107.66999816894531,112.27999877929688,111.56243896484375,149981400
115.01000213623047,115.31999969482422,112.77999877929688,114.95999908447266,114.22531127929688,137672400
114.55000305175781,115.30999755859375,113.56999969482422,114.08999633789062,113.36087799072266,99382200
113.79000091552734,117.26000213623047,113.62000274658203,115.80999755859375,115.06989288330078,142675200
117.63999938964844,117.72000122070312,115.83000183105469,116.79000091552734,116.04362487792969,116120400
112.88999938964844,115.37000274658203,112.22000122070312,113.0199966430664,112.29772186279297,144712000
113.91000366210938,116.6500015258789,113.55000305175781,116.5,115.75547790527344,106243800
115.69999694824219,116.12000274658203,112.25,113.16000366210938,112.43682861328125,161498200
114.62000274658203,115.55000305175781,114.12999725341797,115.08000183105469,114.34455871582031,96849000
116.25,116.4000015258789,114.58999633789062,114.97000122070312,114.23526000976562,83477200
115.27999877929688,117.0,114.91999816894531,116.97000122070312,116.22247314453125,100506900
120.05999755859375,125.18000030517578,119.27999877929688,124.4000015258789,123.60499572753906,240226800
125.2699966430664,125.38999938964844,119.6500015258789,121.0999984741211,120.3260726928711,262330500
121.0,123.02999877929688,119.62000274658203,121.19000244140625,120.41551208496094,150712000
118.72000122070312,121.19999694824219,118.1500015258789,120.70999908447266,119.93856811523438,112559200
121.27999877929688,121.55000305175781,118.80999755859375,119.0199966430664,118.25936889648438,115393800
119.95999908447266,120.41999816894531,115.66000366210938,115.9800033569336,115.23880004882812,120639300
116.19999694824219,118.9800033569336,115.62999725341797,117.51000213623047,116.759033203125,124423700
116.66999816894531,118.70999908447266,116.44999694824219,116.87000274658203,116.12312316894531,89946000
117.44999694824219,118.04000091552734,114.58999633789062,115.75,115.01026916503906,101988000
116.38999938964844,116.55000305175781,114.27999877929688,115.04000091552734,114.30481719970703,82572600
114.01000213623047,116.55000305175781,112.87999725341797,115.05000305175781,114.31475067138672,111850700
115.48999786376953,117.27999877929688,114.54000091552734,116.5999984741211,115.85484313964844,92276800
115.05000305175781,115.43000030517578,111.0999984741211,111.19999694824219,110.48934936523438,143937800
112.37000274658203,116.93000030517578,112.19999694824219,115.31999969482422,114.58302307128906,146129200
111.05999755859375,111.98999786376953,107.72000122070312,108.86000061035156,108.164306640625,190272600
109.11000061035156,110.68000030517578,107.31999969482422,108.7699966430664,108.07488250732422,122866900
109.66000366210938,111.48999786376953,108.7300033569336,110.44000244140625,109.73420715332031,107624400
114.13999938964844,115.58999633789062,112.3499984741211,114.94999694824219,114.21538543701172,138235500
117.94999694824219,119.62000274658203,116.87000274658203,119.02999877929688,118.2693099975586,126387100
118.31999969482422,119.19999694824219,116.12999725341797,118.69000244140625,118.13495635986328,114457900
120.5,121.98999786376953,116.05000305175781,116.31999969482422,115.77603149414062,154515300
115.55000305175781,117.58999633789062,114.12999725341797,115.97000122070312,115.42766571044922,138023400
117.19000244140625,119.62999725341797,116.44000244140625,119.48999786376953,118.93119812011719,112295000
119.62000274658203,120.52999877929688,118.56999969482422,119.20999908447266,118.65251159667969,103162300
119.44000244140625,119.66999816894531,117.87000274658203,119.26000213623047,118.70227813720703,81581900
118.91999816894531,120.98999786376953,118.1500015258789,120.30000305175781,119.73741912841797,91183000
119.55000305175781,120.66999816894531,118.95999908447266,119.38999938964844,118.83167266845703,74271000
118.61000061035156,119.81999969482422,118.0,118.02999877929688,117.47803497314453,76322100
117.58999633789062,119.05999755859375,116.80999755859375,118.63999938964844,118.0851821899414,74113000
118.63999938964844,118.7699966430664,117.29000091552734,117.33999633789062,116.791259765625,73604300
117.18000030517578,117.62000274658203,113.75,113.8499984741211,113.31758117675781,127959300
113.91000366210938,115.8499984741211,112.58999633789062,115.16999816894531,114.63140869140625,113874200
115.55000305175781,116.75,115.16999816894531,116.02999877929688,115.48738861083984,76499200
116.56999969482422,117.48999786376953,116.22000122070312,116.58999633789062,116.04476165771484,46691300
116.97000122070312,120.97000122070312,116.80999755859375,119.05000305175781,118.4932632446289,169410200
121.01000213623047,123.47000122070312,120.01000213623047,122.72000122070312,122.14610290527344,127728200
122.0199966430664,123.37000274658203,120.88999938964844,123.08000183105469,122.5044174194336,89004200
123.5199966430664,123.77999877929688,122.20999908447266,122.94000244140625,122.36507415771484,78967600
122.5999984741211,122.86000061035156,121.5199966430664,122.25,121.67830657958984,78260400
122.30999755859375,124.56999969482422,122.25,123.75,123.1712875366211,86712000
124.37000274658203,124.9800033569336,123.08999633789062,124.37999725341797,123.79833984375,82225500
124.52999877929688,125.94999694824219,121.0,121.77999877929688,121.21049499511719,115089200
120.5,123.87000274658203,120.1500015258789,123.23999786376953,122.66366577148438,81312200
122.43000030517578,122.76000213623047,120.55000305175781,122.41000366210938,121.83755493164062,86939800
122.5999984741211,123.3499984741211,121.54000091552734,121.77999877929688,121.21049499511719,79184500
124.33999633789062,127.9000015258789,124.12999725341797,127.87999725341797,127.2819595336914,157243700
127.41000366210938,128.3699951171875,126.55999755859375,127.80999755859375,127.21229553222656,98208600
128.89999389648438,129.5800018310547,128.0399932861328,128.6999969482422,128.09812927246094,94359800
128.9600067138672,129.10000610351562,126.12000274658203,126.66000366210938,126.06768035888672,192541500
125.0199966430664,128.30999755859375,123.44999694824219,128.22999572753906,127.63032531738281,121251600
131.61000061035156,134.41000366210938,129.64999389648438,131.8800048828125,131.2632598876953,168904800
132.16000366210938,132.42999267578125,130.77999877929688,130.9600067138672,130.34756469726562,88223700
131.32000732421875,133.4600067138672,131.10000610351562,131.97000122070312,131.3528289794922,54930100
133.99000549316406,137.33999633789062,133.50999450683594,136.69000244140625,136.05076599121094,124486200
138.0500030517578,138.7899932861328,134.33999633789062,134.8699951171875,134.23927307128906,121047300
135.5800018310547,135.99000549316406,133.39999389648438,133.72000122070312,133.0946502685547,96452100
134.0800018310547,134.74000549316406,131.72000122070312,132.69000244140625,132.06947326660156,99116600
